ts,source_gpkg,layer,polygon_uid,tile_id,predicted_class,decision,corrected_class,n_pixels,area_m2,co_occurring_classes
2026-06-07T19:53:24.621868+00:00,vector_mc13_relabeled/hcp.gpkg,thresh_0.97,t1030::thresh_0.97::4,t1030,hcp,skip,,228,7557998.214,
2026-06-07T19:54:39.321644+00:00,vector_mc13_relabeled/hcp.gpkg,thresh_0.97,t1393::thresh_0.97::94,t1393,hcp,reject,,86,2956127.943,
2026-06-07T19:55:02.003601+00:00,vector_mc13_relabeled/hcp.gpkg,thresh_0.97,t1030::thresh_0.97::4,t1030,hcp,skip,,228,7557998.214,
2026-06-07T19:55:28.412231+00:00,vector_mc13_relabeled/hcp.gpkg,thresh_0.97,t1393::thresh_0.97::94,t1393,hcp,reject,other,86,2956127.943,
2026-06-07T19:56:07.553142+00:00,vector_mc13_relabeled/hcp.gpkg,thresh_0.97,t1028::thresh_0.97::0,t1028,hcp,reject,other,66,2158414.885,
2026-06-07T19:56:53.599462+00:00,vector_mc13_relabeled/hcp.gpkg,thresh_0.97,t1030::thresh_0.97::3,t1030,hcp,skip,,65,2157033.966,
2026-06-07T19:58:53.417370+00:00,vector_mc13_relabeled/hcp.gpkg,thresh_0.97,t1393::thresh_0.97::98,t1393,hcp,confirm,,61,2052136.816,
2026-06-07T19:59:28.118636+00:00,vector_mc13_v3_denoising/hcp.gpkg,thresh_0.97,t1033::thresh_0.97::635,t1033,hcp,confirm,,77684,2548677994.0,
2026-06-07T20:00:20.975484+00:00,vector_mc13_v3_denoising/hcp.gpkg,thresh_0.97,t1105::thresh_0.97::1520,t1105,hcp,confirm,,65179,2149646581.0,
2026-06-07T20:00:58.486739+00:00,vector_mc13_v3_denoising/hcp.gpkg,thresh_0.97,t1176::thresh_0.97::1823,t1176,hcp,confirm,,54750,1801431372.0,
2026-06-07T20:01:45.919640+00:00,vector_mc13_v3_denoising/hcp.gpkg,thresh_0.97,t1105::thresh_0.97::1454,t1105,hcp,skip,,54610,1791857393.0,
2026-06-07T20:04:03.555402+00:00,vector_mc13_v3_denoising/hcp.gpkg,thresh_0.97,t1105::thresh_0.97::1504,t1105,hcp,skip,,48168,1587459748.0,
2026-06-07T20:04:08.068289+00:00,vector_mc13_v3_denoising/hcp.gpkg,thresh_0.97,t1105::thresh_0.97::1504,t1105,hcp,skip,,48168,1587459748.0,
2026-06-07T20:04:14.715448+00:00,vector_mc13_v3_denoising/hcp.gpkg,thresh_0.97,t1105::thresh_0.97::1504,t1105,hcp,skip,,48168,1587459748.0,
2026-06-07T20:05:27.106223+00:00,vector_mc13_v3_denoising/hcp.gpkg,thresh_0.97,t1032::thresh_0.97::516,t1032,hcp,confirm,,36075,1187771959.0,
2026-06-07T20:08:23.019424+00:00,vector_mc13_relabeled/hcp.gpkg,thresh_0.97,t1390::thresh_0.97::86,t1390,hcp,confirm,,81,2596876.082,
2026-06-07T20:26:17.670081+00:00,vector_mc13_relabeled/olivine.gpkg,thresh_0.97,t1250::thresh_0.97::1692,t1250,olivine,confirm,,127822,4211627162.0,
2026-06-07T20:29:23.194017+00:00,vector_mc13_relabeled/hcp.gpkg,thresh_0.97,t1250::thresh_0.97::62,t1250,hcp,skip,,60,1967625.623,
2026-06-07T20:30:22.372734+00:00,vector_mc13_relabeled/olivine.gpkg,thresh_0.97,t1322::thresh_0.97::2846,t1322,olivine,confirm,,63568,2121400436.0,
2026-06-07T20:31:25.111107+00:00,vector_mc13_relabeled/olivine.gpkg,thresh_0.97,t1250::thresh_0.97::1503,t1250,olivine,skip,,47828,1552548350.0,
2026-06-07T20:32:01.574262+00:00,vector_mc13_relabeled/olivine.gpkg,thresh_0.97,t1250::thresh_0.97::1552,t1250,olivine,confirm,,46452,1516255165.0,
2026-06-07T20:32:21.134249+00:00,vector_mc13_relabeled/olivine.gpkg,thresh_0.97,t1250::thresh_0.97::1695,t1250,olivine,skip,,45322,1500997763.0,
2026-06-07T20:32:35.255478+00:00,vector_mc13_relabeled/olivine.gpkg,thresh_0.97,t1250::thresh_0.97::1436,t1250,olivine,skip,,44244,1433120054.0,
2026-06-07T20:40:47.771244+00:00,vector_mc13_relabeled/olivine.gpkg,thresh_0.97,t1323::thresh_0.97::2982,t1323,olivine,reject,ambiguous,30729,1013860780.0,
2026-06-07T20:41:35.873610+00:00,vector_mc13_relabeled/olivine.gpkg,thresh_0.97,t1250::thresh_0.97::1523,t1250,olivine,confirm,,26417,860636386.6,
2026-06-07T20:42:04.613592+00:00,vector_mc13_relabeled/olivine.gpkg,thresh_0.97,t1250::thresh_0.97::1450,t1250,olivine,confirm,,22677,734971712.8,
2026-06-07T20:42:25.170658+00:00,vector_mc13_relabeled/olivine.gpkg,thresh_0.97,t1250::thresh_0.97::1681,t1250,olivine,skip,,21688,718708109.4,
2026-06-07T20:42:38.674198+00:00,vector_mc13_relabeled/olivine.gpkg,thresh_0.97,t1250::thresh_0.97::1443,t1250,olivine,skip,,20101,652866952.5,
2026-06-07T20:43:07.224811+00:00,vector_mc13_relabeled/olivine.gpkg,thresh_0.97,t1250::thresh_0.97::1504,t1250,olivine,skip,,19061,622110027.9,
2026-06-07T20:49:26.856917+00:00,vector_mc13_relabeled/olivine.gpkg,thresh_0.97,t1322::thresh_0.97::2848,t1322,olivine,skip,,34156,1140294228.0,
2026-06-07T20:57:06.825737+00:00,vector_mc13_relabeled/olivine.gpkg,thresh_0.97,t1104::thresh_0.97::295,t1104,olivine,confirm,,13966,460699570.3,
2026-06-07T20:57:36.972583+00:00,vector_mc13_relabeled/olivine.gpkg,thresh_0.97,t1251::thresh_0.97::1780,t1251,olivine,skip,,12890,417435833.0,
2026-06-07T20:57:54.136770+00:00,vector_mc13_relabeled/olivine.gpkg,thresh_0.97,t1322::thresh_0.97::2830,t1322,olivine,confirm,,12497,415793138.6,
2026-06-07T20:59:10.461036+00:00,vector_mc13_relabeled/olivine.gpkg,thresh_0.97,t1322::thresh_0.97::2844,t1322,olivine,confirm,,11457,382784391.7,
2026-06-07T21:00:20.680833+00:00,vector_mc13_relabeled/olivine.gpkg,thresh_0.97,t1323::thresh_0.97::3057,t1323,olivine,skip,,11353,378793093.6,
2026-06-07T21:00:26.930126+00:00,vector_mc13_relabeled/olivine.gpkg,thresh_0.97,t1250::thresh_0.97::1511,t1250,olivine,skip,,10662,348905880.7,
2026-06-07T21:01:00.859454+00:00,vector_mc13_relabeled/olivine.gpkg,thresh_0.97,t1393::thresh_0.97::4192,t1393,olivine,reject,bland,9683,320427159.3,
2026-06-07T21:01:08.720808+00:00,vector_mc13_relabeled/olivine.gpkg,thresh_0.97,t1250::thresh_0.97::1669,t1250,olivine,skip,,8272,274348184.8,
2026-06-07T21:01:23.728295+00:00,vector_mc13_relabeled/olivine.gpkg,thresh_0.97,t1393::thresh_0.97::4078,t1393,olivine,reject,bland,8332,274168388.4,
2026-06-07T21:01:30.309321+00:00,vector_mc13_relabeled/olivine.gpkg,thresh_0.97,t1178::thresh_0.97::724,t1178,olivine,skip,,8435,273885116.7,
2026-06-07T21:01:36.749002+00:00,vector_mc13_relabeled/olivine.gpkg,thresh_0.97,t1177::thresh_0.97::656,t1177,olivine,skip,,7794,254092183.7,
2026-06-07T21:01:51.287591+00:00,vector_mc13_relabeled/olivine.gpkg,thresh_0.97,t1394::thresh_0.97::4772,t1394,olivine,reject,bland,7084,237776675.2,
2026-06-07T21:01:59.161550+00:00,vector_mc13_relabeled/olivine.gpkg,thresh_0.97,t1323::thresh_0.97::3058,t1323,olivine,skip,,7051,235444316.5,
2026-06-07T21:02:03.034571+00:00,vector_mc13_relabeled/olivine.gpkg,thresh_0.97,t1250::thresh_0.97::1478,t1250,olivine,skip,,7181,233718257.7,
2026-06-07T21:02:06.939879+00:00,vector_mc13_relabeled/olivine.gpkg,thresh_0.97,t1250::thresh_0.97::1684,t1250,olivine,skip,,6314,209851448.4,
2026-06-07T21:02:10.739443+00:00,vector_mc13_relabeled/olivine.gpkg,thresh_0.97,t1250::thresh_0.97::1742,t1250,olivine,skip,,6284,209435348.1,
2026-06-07T21:02:31.166825+00:00,vector_mc13_relabeled/olivine.gpkg,thresh_0.97,t1388::thresh_0.97::3152,t1388,olivine,reject,bland,6327,208803686.4,
2026-06-07T21:02:37.208444+00:00,vector_mc13_relabeled/olivine.gpkg,thresh_0.97,t1247::thresh_0.97::1213,t1247,olivine,skip,,6254,206600679.1,
2026-06-07T21:02:42.895680+00:00,vector_mc13_relabeled/olivine.gpkg,thresh_0.97,t1035::thresh_0.97::47,t1035,olivine,skip,,6235,205119210.2,
2026-06-07T21:03:00.707052+00:00,vector_mc13_relabeled/olivine.gpkg,thresh_0.97,t1394::thresh_0.97::4737,t1394,olivine,reject,bland,5938,198727211.5,
2026-06-07T21:03:14.429647+00:00,vector_mc13_relabeled/olivine.gpkg,thresh_0.97,t1322::thresh_0.97::2843,t1322,olivine,skip,,5709,190655665.2,
2026-06-07T21:03:20.110837+00:00,vector_mc13_relabeled/olivine.gpkg,thresh_0.97,t1250::thresh_0.97::1506,t1250,olivine,skip,,5708,188090379.3,
2026-06-07T21:03:24.872719+00:00,vector_mc13_relabeled/olivine.gpkg,thresh_0.97,t1176::thresh_0.97::607,t1176,olivine,skip,,5671,187270814.8,
2026-06-07T21:03:33.419799+00:00,vector_mc13_relabeled/olivine.gpkg,thresh_0.97,t1322::thresh_0.97::2847,t1322,olivine,confirm,,5589,187017790.2,
2026-06-07T21:04:22.265919+00:00,vector_mc13_relabeled/lcp.gpkg,thresh_0.97,t1032::thresh_0.97::1209,t1032,lcp,skip,,134197,4416488725.0,
2026-06-07T21:05:13.519422+00:00,vector_mc13_relabeled/lcp.gpkg,thresh_0.97,t1106::thresh_0.97::4377,t1106,lcp,skip,,106403,3494562237.0,
2026-06-07T21:10:17.652643+00:00,vector_mc13_relabeled/lcp.gpkg,thresh_0.97,t1249::thresh_0.97::6185,t1249,lcp,skip,,67209,2192304404.0,
2026-06-07T21:11:44.491310+00:00,vector_mc13_relabeled/lcp.gpkg,thresh_0.97,t1104::thresh_0.97::3118,t1104,lcp,skip,,61704,2026938423.0,
2026-06-07T21:12:09.248924+00:00,vector_mc13_relabeled/lcp.gpkg,thresh_0.97,t1106::thresh_0.97::4324,t1106,lcp,confirm,,59128,1946101080.0,
2026-06-07T21:12:44.055956+00:00,vector_mc13_relabeled/lcp.gpkg,thresh_0.97,t1106::thresh_0.97::4324,t1106,lcp,skip,,59128,1946101080.0,
2026-06-07T21:12:55.620554+00:00,vector_mc13_relabeled/lcp.gpkg,thresh_0.97,t1032::thresh_0.97::1203,t1032,lcp,skip,,46523,1537510068.0,
2026-06-07T21:13:10.765753+00:00,vector_mc13_relabeled/lcp.gpkg,thresh_0.97,t1032::thresh_0.97::1207,t1032,lcp,skip,,29290,964377647.5,
2026-06-07T21:13:15.944669+00:00,vector_mc13_relabeled/lcp.gpkg,thresh_0.97,t1032::thresh_0.97::1200,t1032,lcp,skip,,28079,924896053.0,
2026-06-07T21:13:22.543299+00:00,vector_mc13_relabeled/lcp.gpkg,thresh_0.97,t1032::thresh_0.97::1198,t1032,lcp,skip,,27573,908569593.6,
2026-06-07T21:13:37.386835+00:00,vector_mc13_relabeled/lcp.gpkg,thresh_0.97,t1106::thresh_0.97::4299,t1106,lcp,skip,,27428,905274642.7,
2026-06-07T21:13:58.584405+00:00,vector_mc13_relabeled/lcp.gpkg,thresh_0.97,t1105::thresh_0.97::3309,t1105,lcp,skip,,25308,826311506.4,
2026-06-07T21:14:06.962892+00:00,vector_mc13_relabeled/lcp.gpkg,thresh_0.97,t1176::thresh_0.97::4688,t1176,lcp,skip,,24896,811768922.3,
2026-06-07T21:14:25.305939+00:00,vector_mc13_relabeled/lcp.gpkg,thresh_0.97,t1249::thresh_0.97::6015,t1249,lcp,confirm,,23601,764978981.6,
2026-06-07T21:14:45.087040+00:00,vector_mc13_relabeled/lcp.gpkg,thresh_0.97,t1032::thresh_0.97::1192,t1032,lcp,confirm,,23023,758183358.4,
2026-06-07T21:15:04.155613+00:00,vector_mc13_relabeled/lcp.gpkg,thresh_0.97,t1249::thresh_0.97::6175,t1249,lcp,confirm,,22943,751371390.2,
2026-06-07T21:15:37.164835+00:00,vector_mc13_relabeled/lcp.gpkg,thresh_0.97,t1104::thresh_0.97::3183,t1104,lcp,skip,,21340,705386067.2,
2026-06-07T21:15:46.237199+00:00,vector_mc13_relabeled/lcp.gpkg,thresh_0.97,t1032::thresh_0.97::1021,t1032,lcp,skip,,21053,692025373.2,
2026-06-07T21:16:08.305408+00:00,vector_mc13_relabeled/lcp.gpkg,thresh_0.97,t1176::thresh_0.97::4950,t1176,lcp,reject,bland,20271,671052756.7,
2026-06-07T21:16:26.313891+00:00,vector_mc13_relabeled/lcp.gpkg,thresh_0.97,t1035::thresh_0.97::2128,t1035,lcp,skip,,19945,654322754.6,
2026-06-07T21:17:07.174152+00:00,vector_mc13_relabeled/lcp.gpkg,thresh_0.97,t1105::thresh_0.97::3555,t1105,lcp,skip,,18601,611755010.5,
2026-06-07T21:18:13.565375+00:00,vector_mc13_relabeled/lcp.gpkg,thresh_0.97,t1104::thresh_0.97::3127,t1104,lcp,skip,,16320,538181736.8,
2026-06-07T21:18:22.205390+00:00,vector_mc13_relabeled/lcp.gpkg,thresh_0.97,t1248::thresh_0.97::5669,t1248,lcp,skip,,15544,513383188.8,
2026-06-07T21:19:11.193618+00:00,vector_mc13_relabeled/lcp.gpkg,thresh_0.97,t1106::thresh_0.97::4156,t1106,lcp,skip,,14745,484482801.0,
2026-06-07T21:19:26.334809+00:00,vector_mc13_relabeled/lcp.gpkg,thresh_0.97,t1106::thresh_0.97::4157,t1106,lcp,skip,,14048,462321069.2,
2026-06-07T21:19:33.142058+00:00,vector_mc13_relabeled/lcp.gpkg,thresh_0.97,t1105::thresh_0.97::3539,t1105,lcp,skip,,13254,436971803.4,
2026-06-07T21:20:03.502570+00:00,vector_mc13_relabeled/lcp.gpkg,thresh_0.97,t1034::thresh_0.97::1843,t1034,lcp,skip,,12938,423423710.9,
2026-06-07T21:20:16.920119+00:00,vector_mc13_relabeled/lcp.gpkg,thresh_0.97,t1104::thresh_0.97::3038,t1104,lcp,confirm,,12207,401215556.6,
2026-06-07T21:20:28.846465+00:00,vector_mc13_relabeled/lcp.gpkg,thresh_0.97,t1249::thresh_0.97::6119,t1249,lcp,skip,,11289,368472190.4,
2026-06-07T21:20:54.623812+00:00,vector_mc13_relabeled/lcp.gpkg,thresh_0.97,t1248::thresh_0.97::5661,t1248,lcp,skip,,10399,343762540.2,
2026-06-07T21:21:00.022628+00:00,vector_mc13_relabeled/lcp.gpkg,thresh_0.97,t1032::thresh_0.97::694,t1032,lcp,skip,,10346,339247222.3,
2026-06-07T21:21:05.904751+00:00,vector_mc13_relabeled/lcp.gpkg,thresh_0.97,t1321::thresh_0.97::6911,t1321,lcp,skip,,10075,336372514.8,
2026-06-07T21:21:15.695121+00:00,vector_mc13_relabeled/lcp.gpkg,thresh_0.97,t1034::thresh_0.97::1912,t1034,lcp,skip,,10064,330468907.2,
2026-06-07T21:21:29.171886+00:00,vector_mc13_relabeled/lcp.gpkg,thresh_0.97,t1321::thresh_0.97::6914,t1321,lcp,confirm,,9298,310088489.3,
2026-06-07T21:23:49.306966+00:00,vector_mc13_relabeled/plagioclase.gpkg,thresh_0.97,t1250::thresh_0.97::0,t1250,plagioclase,reject,ambiguous,12,387678.6691,
2026-06-07T21:23:53.264016+00:00,vector_mc13_relabeled/plagioclase.gpkg,thresh_0.97,t1250::thresh_0.97::1,t1250,plagioclase,reject,ambiguous,12,387678.6691,
2026-06-07T21:23:57.519124+00:00,vector_mc13_relabeled/plagioclase.gpkg,thresh_0.96,t1250::thresh_0.96::2,t1250,plagioclase,reject,ambiguous,30,967360.3865,
2026-06-07T21:23:59.728641+00:00,vector_mc13_relabeled/plagioclase.gpkg,thresh_0.96,t1250::thresh_0.96::1,t1250,plagioclase,reject,ambiguous,16,516904.8943,
2026-06-07T21:24:01.785474+00:00,vector_mc13_relabeled/plagioclase.gpkg,thresh_0.96,t1250::thresh_0.96::0,t1250,plagioclase,reject,ambiguous,12,387678.6691,
2026-06-07T21:24:06.399018+00:00,vector_mc13_relabeled/plagioclase.gpkg,thresh_0.94,t1250::thresh_0.94::3,t1250,plagioclase,reject,ambiguous,283,9133192.728,
2026-06-07T21:24:08.964633+00:00,vector_mc13_relabeled/plagioclase.gpkg,thresh_0.94,t1250::thresh_0.94::5,t1250,plagioclase,reject,ambiguous,207,6803935.17,
2026-06-07T21:24:10.990111+00:00,vector_mc13_relabeled/plagioclase.gpkg,thresh_0.94,t1250::thresh_0.94::0,t1250,plagioclase,reject,ambiguous,40,1292262.301,
2026-06-07T21:24:13.370630+00:00,vector_mc13_relabeled/plagioclase.gpkg,thresh_0.94,t1250::thresh_0.94::4,t1250,plagioclase,reject,ambiguous,38,1245210.388,
2026-06-07T21:25:11.430288+00:00,vector_mc13_relabeled/plagioclase.gpkg,thresh_0.94,t1322::thresh_0.94::6,t1322,plagioclase,reject,olivine,28,954542.7506,
2026-06-07T21:25:18.699005+00:00,vector_mc13_relabeled/plagioclase.gpkg,thresh_0.94,t1250::thresh_0.94::1,t1250,plagioclase,reject,ambiguous,27,872423.6533,
2026-06-07T21:25:21.124924+00:00,vector_mc13_relabeled/plagioclase.gpkg,thresh_0.94,t1250::thresh_0.94::2,t1250,plagioclase,reject,ambiguous,10,323197.4949,
2026-06-07T21:25:23.912196+00:00,vector_mc13_relabeled/plagioclase.gpkg,thresh_0.92,t1250::thresh_0.92::0,t1250,plagioclase,reject,ambiguous,959,31018166.98,
2026-06-07T21:25:26.714068+00:00,vector_mc13_relabeled/plagioclase.gpkg,thresh_0.92,t1250::thresh_0.92::4,t1250,plagioclase,reject,ambiguous,463,15165427.99,
2026-06-07T21:25:28.713919+00:00,vector_mc13_relabeled/plagioclase.gpkg,thresh_0.92,t1250::thresh_0.92::5,t1250,plagioclase,reject,ambiguous,38,1229871.233,
2026-06-07T21:25:40.226221+00:00,vector_mc13_relabeled/plagioclase.gpkg,thresh_0.92,t1322::thresh_0.92::6,t1322,plagioclase,reject,olivine,34,1155502.981,
2026-06-07T21:25:55.933360+00:00,vector_mc13_relabeled/plagioclase.gpkg,thresh_0.92,t1250::thresh_0.92::3,t1250,plagioclase,reject,ambiguous,26,810211.4395,
2026-06-07T21:25:58.066991+00:00,vector_mc13_relabeled/plagioclase.gpkg,thresh_0.92,t1250::thresh_0.92::2,t1250,plagioclase,reject,ambiguous,13,453457.4683,
2026-06-07T21:26:01.351393+00:00,vector_mc13_relabeled/plagioclase.gpkg,thresh_0.92,t1250::thresh_0.92::1,t1250,plagioclase,reject,ambiguous,10,323517.1137,
2026-06-07T21:26:25.047559+00:00,vector_mc13_relabeled/hcp.gpkg,thresh_0.97,t1393::thresh_0.97::91,t1393,hcp,reject,bland,46,1535495.925,
2026-06-07T21:26:30.713409+00:00,vector_mc13_relabeled/hcp.gpkg,thresh_0.97,t1393::thresh_0.97::104,t1393,hcp,reject,bland,39,1277967.266,
2026-06-07T21:26:34.201814+00:00,vector_mc13_relabeled/hcp.gpkg,thresh_0.97,t1174::thresh_0.97::21,t1174,hcp,reject,bland,39,1235036.839,
2026-06-07T21:26:41.227553+00:00,vector_mc13_relabeled/hcp.gpkg,thresh_0.97,t1320::thresh_0.97::81,t1320,hcp,reject,ambiguous,32,1131921.602,
2026-06-07T21:26:46.830692+00:00,vector_mc13_relabeled/hcp.gpkg,thresh_0.97,t1393::thresh_0.97::96,t1393,hcp,skip,,32,1057130.834,
2026-06-07T21:26:48.559550+00:00,vector_mc13_relabeled/hcp.gpkg,thresh_0.97,t1250::thresh_0.97::69,t1250,hcp,skip,,30,993321.0129,
2026-06-07T21:26:59.355658+00:00,vector_mc13_relabeled/hcp.gpkg,thresh_0.97,t1030::thresh_0.97::1,t1030,hcp,reject,bland,29,887562.0614,
2026-06-07T21:27:03.036158+00:00,vector_mc13_relabeled/hcp.gpkg,thresh_0.97,t1250::thresh_0.97::72,t1250,hcp,skip,,27,879016.7847,
2026-06-07T21:27:05.469834+00:00,vector_mc13_relabeled/hcp.gpkg,thresh_0.97,t1390::thresh_0.97::87,t1390,hcp,reject,bland,26,810420.6241,
2026-06-07T21:27:08.390895+00:00,vector_mc13_relabeled/hcp.gpkg,thresh_0.97,t1394::thresh_0.97::114,t1394,hcp,skip,,24,803534.1056,
2026-06-07T21:27:11.722129+00:00,vector_mc13_relabeled/hcp.gpkg,thresh_0.97,t1250::thresh_0.97::74,t1250,hcp,skip,,24,800349.8327,
2026-06-07T21:27:18.007008+00:00,vector_mc13_relabeled/hcp.gpkg,thresh_0.97,t1175::thresh_0.97::28,t1175,hcp,reject,bland,23,772474.8692,
2026-06-07T21:27:21.159438+00:00,vector_mc13_relabeled/hcp.gpkg,thresh_0.97,t1177::thresh_0.97::31,t1177,hcp,skip,,24,763533.6181,
2026-06-07T21:27:24.516992+00:00,vector_mc13_relabeled/hcp.gpkg,thresh_0.97,t1102::thresh_0.97::15,t1102,hcp,reject,bland,23,752925.915,
2026-06-07T21:27:28.115785+00:00,vector_mc13_relabeled/hcp.gpkg,thresh_0.97,t1173::thresh_0.97::18,t1173,hcp,reject,bland,21,729506.631,
2026-06-07T21:27:41.253333+00:00,vector_mc13_relabeled/hcp.gpkg,thresh_0.97,t1250::thresh_0.97::65,t1250,hcp,skip,,22,711384.932,
2026-06-07T21:27:42.717033+00:00,vector_mc13_relabeled/hcp.gpkg,thresh_0.97,t1177::thresh_0.97::32,t1177,hcp,skip,,21,698753.8984,
2026-06-07T21:28:02.490529+00:00,vector_mc13_relabeled/hcp.gpkg,thresh_0.97,t1393::thresh_0.97::108,t1393,hcp,reject,bland,21,683034.6803,
2026-06-07T21:28:11.007118+00:00,vector_mc13_relabeled/hcp.gpkg,thresh_0.97,t1175::thresh_0.97::27,t1175,hcp,reject,bland,20,653252.6938,
2026-06-07T21:29:07.535433+00:00,vector_mc13_v3_denoising/hcp.gpkg,thresh_0.97,t1104::thresh_0.97::1305,t1104,hcp,confirm,,45191,1489442145.0,
2026-06-07T21:29:27.196915+00:00,vector_mc13_v3_denoising/hcp.gpkg,thresh_0.97,t1104::thresh_0.97::1275,t1104,hcp,confirm,,44385,1460673608.0,
2026-06-07T21:29:43.908594+00:00,vector_mc13_v3_denoising/hcp.gpkg,thresh_0.97,t1104::thresh_0.97::1307,t1104,hcp,confirm,,32696,1078802961.0,
2026-06-07T21:30:09.924795+00:00,vector_mc13_v3_denoising/plagioclase.gpkg,thresh_0.96,t1322::thresh_0.96::10,t1322,plagioclase,reject,olivine,169,5653390.884,
2026-06-07T21:30:12.777070+00:00,vector_mc13_v3_denoising/plagioclase.gpkg,thresh_0.96,t1035::thresh_0.96::2,t1035,plagioclase,reject,olivine,45,1497059.606,
2026-06-07T21:30:15.114994+00:00,vector_mc13_v3_denoising/plagioclase.gpkg,thresh_0.96,t1035::thresh_0.96::5,t1035,plagioclase,reject,olivine,43,1382349.513,
2026-06-07T21:30:17.260692+00:00,vector_mc13_v3_denoising/plagioclase.gpkg,thresh_0.96,t1035::thresh_0.96::4,t1035,plagioclase,reject,olivine,37,1201288.144,
2026-06-07T21:30:19.347202+00:00,vector_mc13_v3_denoising/plagioclase.gpkg,thresh_0.96,t1035::thresh_0.96::0,t1035,plagioclase,reject,olivine,22,740302.3027,
2026-06-07T21:30:21.472741+00:00,vector_mc13_v3_denoising/plagioclase.gpkg,thresh_0.96,t1250::thresh_0.96::6,t1250,plagioclase,reject,olivine,23,732632.4828,
2026-06-07T21:30:23.614496+00:00,vector_mc13_v3_denoising/plagioclase.gpkg,thresh_0.96,t1322::thresh_0.96::7,t1322,plagioclase,reject,olivine,21,632930.8616,
2026-06-07T21:30:25.619844+00:00,vector_mc13_v3_denoising/plagioclase.gpkg,thresh_0.96,t1322::thresh_0.96::9,t1322,plagioclase,reject,olivine,15,551660.5406,
2026-06-07T21:30:27.835670+00:00,vector_mc13_v3_denoising/plagioclase.gpkg,thresh_0.96,t1322::thresh_0.96::8,t1322,plagioclase,reject,olivine,14,483483.6091,
2026-06-07T21:30:30.961886+00:00,vector_mc13_v3_denoising/plagioclase.gpkg,thresh_0.96,t1035::thresh_0.96::3,t1035,plagioclase,reject,olivine,9,296202.5947,
2026-06-07T21:30:33.072192+00:00,vector_mc13_v3_denoising/plagioclase.gpkg,thresh_0.96,t1035::thresh_0.96::1,t1035,plagioclase,reject,olivine,9,296123.0792,
2026-06-07T21:30:36.321036+00:00,vector_mc13_v3_denoising/plagioclase.gpkg,thresh_0.94,t1035::thresh_0.94::13,t1035,plagioclase,reject,olivine,1654,54454766.85,
2026-06-07T21:30:40.725847+00:00,vector_mc13_v3_denoising/plagioclase.gpkg,thresh_0.94,t1322::thresh_0.94::120,t1322,plagioclase,reject,olivine,1590,53226481.84,
2026-06-07T21:30:43.963815+00:00,vector_mc13_v3_denoising/plagioclase.gpkg,thresh_0.94,t1250::thresh_0.94::53,t1250,plagioclase,reject,olivine,1534,49677244.2,
2026-06-07T21:30:48.139738+00:00,vector_mc13_v3_denoising/plagioclase.gpkg,thresh_0.94,t1250::thresh_0.94::20,t1250,plagioclase,skip,,1411,45671443.17,
2026-06-07T21:30:53.128771+00:00,vector_mc13_v3_denoising/plagioclase.gpkg,thresh_0.94,t1250::thresh_0.94::22,t1250,plagioclase,reject,ambiguous,914,29498287.11,
2026-06-07T21:30:59.738588+00:00,vector_mc13_v3_denoising/plagioclase.gpkg,thresh_0.94,t1322::thresh_0.94::114,t1322,plagioclase,reject,olivine,858,28731723.02,
2026-06-07T21:31:02.372192+00:00,vector_mc13_v3_denoising/plagioclase.gpkg,thresh_0.94,t1250::thresh_0.94::60,t1250,plagioclase,reject,olivine,782,25402637.21,
2026-06-07T21:31:05.213899+00:00,vector_mc13_v3_denoising/plagioclase.gpkg,thresh_0.94,t1322::thresh_0.94::86,t1322,plagioclase,reject,olivine,668,22104559.86,
2026-06-07T21:31:07.640166+00:00,vector_mc13_v3_denoising/plagioclase.gpkg,thresh_0.94,t1250::thresh_0.94::23,t1250,plagioclase,reject,olivine,490,15841020.89,
2026-06-07T21:31:10.213292+00:00,vector_mc13_v3_denoising/plagioclase.gpkg,thresh_0.94,t1250::thresh_0.94::63,t1250,plagioclase,reject,olivine,486,15780769.86,
2026-06-07T21:31:15.479319+00:00,vector_mc13_v3_denoising/plagioclase.gpkg,thresh_0.94,t1035::thresh_0.94::4,t1035,plagioclase,skip,,447,14871960.19,
2026-06-07T21:31:17.325760+00:00,vector_mc13_v3_denoising/plagioclase.gpkg,thresh_0.94,t1322::thresh_0.94::89,t1322,plagioclase,reject,olivine,396,13256728.84,
2026-06-07T21:31:19.816361+00:00,vector_mc13_v3_denoising/plagioclase.gpkg,thresh_0.94,t1250::thresh_0.94::59,t1250,plagioclase,reject,olivine,374,12113189.21,
2026-06-07T21:31:22.149412+00:00,vector_mc13_v3_denoising/plagioclase.gpkg,thresh_0.94,t1250::thresh_0.94::27,t1250,plagioclase,reject,olivine,351,11419526.18,
2026-06-07T21:31:24.721898+00:00,vector_mc13_v3_denoising/plagioclase.gpkg,thresh_0.94,t1250::thresh_0.94::69,t1250,plagioclase,reject,olivine,328,10680688.91,
2026-06-07T21:31:27.084318+00:00,vector_mc13_v3_denoising/plagioclase.gpkg,thresh_0.94,t1250::thresh_0.94::56,t1250,plagioclase,reject,olivine,261,8423136.535,
2026-06-07T21:31:29.371552+00:00,vector_mc13_v3_denoising/plagioclase.gpkg,thresh_0.94,t1322::thresh_0.94::92,t1322,plagioclase,reject,olivine,247,8361930.184,
2026-06-07T21:31:35.135336+00:00,vector_mc13_v3_denoising/plagioclase.gpkg,thresh_0.94,t1250::thresh_0.94::45,t1250,plagioclase,reject,ambiguous,255,8231285.691,
2026-06-07T21:32:03.630114+00:00,vector_mc13_v3_denoising/olivine.gpkg,thresh_0.97,t1250::thresh_0.97::578,t1250,olivine,confirm,,44601,1460252887.0,
2026-06-07T21:32:20.578252+00:00,vector_mc13_v3_denoising/olivine.gpkg,thresh_0.97,t1250::thresh_0.97::535,t1250,olivine,confirm,,16955,554058269.9,
2026-06-07T21:33:28.429721+00:00,vector_mc13_v3_denoising/lcp.gpkg,thresh_0.97,t1106::thresh_0.97::7899,t1106,lcp,skip,,265596,8741971049.0,
2026-06-07T21:34:03.689259+00:00,vector_mc13_v3_denoising/lcp.gpkg,thresh_0.97,t1034::thresh_0.97::3335,t1034,lcp,skip,,240025,7903048505.0,
2026-06-07T21:34:33.321953+00:00,vector_mc13_v3_denoising/lcp.gpkg,thresh_0.97,t1032::thresh_0.97::2138,t1032,lcp,skip,,204470,6759617956.0,
2026-06-07T21:35:09.908843+00:00,vector_mc13_v3_denoising/lcp.gpkg,thresh_0.97,t1032::thresh_0.97::2140,t1032,lcp,confirm,,190404,6289725060.0,
2026-06-07T21:35:45.960749+00:00,vector_mc13_v3_denoising/lcp.gpkg,thresh_0.97,t1103::thresh_0.97::6530,t1103,lcp,skip,,184258,6066233592.0,
2026-06-07T21:36:14.832870+00:00,vector_mc13_v3_denoising/lcp.gpkg,thresh_0.97,t1175::thresh_0.97::11279,t1175,lcp,skip,,175383,5802838962.0,
2026-06-07T21:37:47.841675+00:00,vector_mc13_v3_denoising/lcp.gpkg,thresh_0.97,t1033::thresh_0.97::2977,t1033,lcp,confirm,,152509,5027861175.0,
2026-06-07T21:38:21.394246+00:00,vector_mc13_v3_denoising/lcp.gpkg,thresh_0.97,t1105::thresh_0.97::7556,t1105,lcp,skip,,136620,4510141587.0,
2026-06-07T21:38:51.111502+00:00,vector_mc13_v3_denoising/lcp.gpkg,thresh_0.97,t1033::thresh_0.97::2981,t1033,lcp,skip,,135559,4490934684.0,
2026-06-09T21:57:41.409421+00:00,vector_mc11_v3_denoising/hcp.gpkg,thresh_0.97,t1086::thresh_0.97::7,t1086,hcp,reject,alteration,6331,208391009.5,
2026-06-09T21:57:47.529881+00:00,vector_mc11_v3_denoising/hcp.gpkg,thresh_0.97,t1086::thresh_0.97::8,t1086,hcp,reject,alteration,5117,168586352.6,
2026-06-09T21:57:53.593129+00:00,vector_mc11_v3_denoising/hcp.gpkg,thresh_0.97,t1086::thresh_0.97::4,t1086,hcp,reject,alteration,4707,155135669.1,
2026-06-09T21:58:18.223373+00:00,vector_mc11_v3_denoising/hcp.gpkg,thresh_0.97,t1090::thresh_0.97::30,t1090,hcp,reject,alteration,4697,154813734.7,
2026-06-09T21:58:26.107821+00:00,vector_mc11_v3_denoising/hcp.gpkg,thresh_0.97,t1090::thresh_0.97::27,t1090,hcp,reject,alteration,3637,119757825.8,
2026-06-09T21:58:30.763111+00:00,vector_mc11_v3_denoising/hcp.gpkg,thresh_0.97,t1086::thresh_0.97::15,t1086,hcp,reject,alteration,2463,81305272.61,
2026-06-09T21:59:08.242293+00:00,vector_mc11_v3_denoising/hcp.gpkg,thresh_0.97,t1090::thresh_0.97::34,t1090,hcp,skip,,2413,79266968.14,
2026-06-09T21:59:14.007547+00:00,vector_mc11_v3_denoising/hcp.gpkg,thresh_0.97,t1087::thresh_0.97::21,t1087,hcp,reject,alteration,2027,67062799.43,
2026-06-09T21:59:18.025549+00:00,vector_mc11_v3_denoising/hcp.gpkg,thresh_0.97,t1086::thresh_0.97::5,t1086,hcp,reject,alteration,2029,66740313.6,
2026-06-09T21:59:22.566788+00:00,vector_mc11_v3_denoising/hcp.gpkg,thresh_0.97,t1090::thresh_0.97::29,t1090,hcp,reject,alteration,1328,43643304.37,
2026-06-09T21:59:26.161478+00:00,vector_mc11_v3_denoising/hcp.gpkg,thresh_0.97,t1086::thresh_0.97::0,t1086,hcp,reject,alteration,905,29743034.72,
2026-06-09T21:59:29.943603+00:00,vector_mc11_v3_denoising/hcp.gpkg,thresh_0.97,t1086::thresh_0.97::9,t1086,hcp,reject,alteration,867,28706106.25,
2026-06-09T21:59:36.828711+00:00,vector_mc11_v3_denoising/hcp.gpkg,thresh_0.97,t1086::thresh_0.97::10,t1086,hcp,reject,alteration,676,22200924.64,
2026-06-09T21:59:40.002592+00:00,vector_mc11_v3_denoising/hcp.gpkg,thresh_0.97,t1086::thresh_0.97::13,t1086,hcp,reject,alteration,535,17723659.61,
2026-06-09T21:59:45.632423+00:00,vector_mc11_v3_denoising/hcp.gpkg,thresh_0.97,t1087::thresh_0.97::25,t1087,hcp,reject,alteration,467,15388107.51,
2026-06-09T21:59:52.072084+00:00,vector_mc11_v3_denoising/hcp.gpkg,thresh_0.97,t1090::thresh_0.97::39,t1090,hcp,reject,alteration,398,13130930.18,
2026-06-09T21:59:55.180845+00:00,vector_mc11_v3_denoising/hcp.gpkg,thresh_0.97,t1086::thresh_0.97::12,t1086,hcp,reject,alteration,211,6983706.277,
2026-06-09T21:59:58.747252+00:00,vector_mc11_v3_denoising/hcp.gpkg,thresh_0.97,t1086::thresh_0.97::6,t1086,hcp,skip,,204,6701772.302,
2026-06-09T22:00:00.959131+00:00,vector_mc11_v3_denoising/hcp.gpkg,thresh_0.97,t1087::thresh_0.97::20,t1087,hcp,reject,alteration,179,5825607.726,
2026-06-09T22:00:04.091648+00:00,vector_mc11_v3_denoising/hcp.gpkg,thresh_0.97,t1090::thresh_0.97::40,t1090,hcp,skip,,143,4728541.09,
2026-06-09T22:00:05.828488+00:00,vector_mc11_v3_denoising/hcp.gpkg,thresh_0.97,t1090::thresh_0.97::31,t1090,hcp,skip,,118,3869571.336,
2026-06-09T22:00:07.710811+00:00,vector_mc11_v3_denoising/hcp.gpkg,thresh_0.97,t1086::thresh_0.97::14,t1086,hcp,reject,alteration,91,3080340.39,
2026-06-09T22:00:10.907436+00:00,vector_mc11_v3_denoising/hcp.gpkg,thresh_0.97,t1086::thresh_0.97::16,t1086,hcp,reject,alteration,91,3064057.215,
2026-06-09T22:00:14.269196+00:00,vector_mc11_v3_denoising/hcp.gpkg,thresh_0.97,t1086::thresh_0.97::11,t1086,hcp,reject,alteration,77,2552994.643,
2026-06-09T22:00:20.344909+00:00,vector_mc11_v3_denoising/hcp.gpkg,thresh_0.97,t1090::thresh_0.97::38,t1090,hcp,skip,,49,1581551.362,
2026-06-09T22:00:22.544502+00:00,vector_mc11_v3_denoising/hcp.gpkg,thresh_0.97,t1090::thresh_0.97::35,t1090,hcp,skip,,49,1564750.766,
2026-06-09T22:00:27.334501+00:00,vector_mc11_v3_denoising/hcp.gpkg,thresh_0.97,t1086::thresh_0.97::17,t1086,hcp,skip,,45,1515699.821,
2026-06-09T22:00:29.059686+00:00,vector_mc11_v3_denoising/hcp.gpkg,thresh_0.97,t1087::thresh_0.97::18,t1087,hcp,skip,,44,1365604.582,
2026-06-09T22:00:31.730436+00:00,vector_mc11_v3_denoising/hcp.gpkg,thresh_0.97,t1086::thresh_0.97::3,t1086,hcp,skip,,34,1102449.133,
2026-06-09T22:00:33.868018+00:00,vector_mc11_v3_denoising/hcp.gpkg,thresh_0.97,t1087::thresh_0.97::23,t1087,hcp,reject,alteration,27,856595.1304,
2026-06-09T22:00:37.348902+00:00,vector_mc11_v3_denoising/hcp.gpkg,thresh_0.97,t1090::thresh_0.97::33,t1090,hcp,skip,,27,856467.8616,
2026-06-09T22:00:38.748437+00:00,vector_mc11_v3_denoising/hcp.gpkg,thresh_0.97,t1090::thresh_0.97::32,t1090,hcp,skip,,27,856443.823,
2026-06-09T22:00:40.622434+00:00,vector_mc11_v3_denoising/hcp.gpkg,thresh_0.97,t1090::thresh_0.97::26,t1090,hcp,reject,alteration,19,674553.7321,
2026-06-09T22:00:44.128046+00:00,vector_mc11_v3_denoising/hcp.gpkg,thresh_0.97,t1087::thresh_0.97::19,t1087,hcp,skip,,19,625257.6777,
2026-06-09T22:00:47.025258+00:00,vector_mc11_v3_denoising/hcp.gpkg,thresh_0.97,t1090::thresh_0.97::37,t1090,hcp,skip,,19,593061.8144,
2026-06-09T22:00:49.157784+00:00,vector_mc11_v3_denoising/hcp.gpkg,thresh_0.97,t1086::thresh_0.97::1,t1086,hcp,skip,,17,575854.5837,
2026-06-09T22:00:52.224966+00:00,vector_mc11_v3_denoising/hcp.gpkg,thresh_0.97,t1087::thresh_0.97::24,t1087,hcp,reject,alteration,13,461258.3898,
2026-06-09T22:01:06.966094+00:00,vector_mc11_v3_denoising/hcp.gpkg,thresh_0.97,t1090::thresh_0.97::28,t1090,hcp,skip,,14,460752.6856,
2026-06-09T22:01:10.806256+00:00,vector_mc11_v3_denoising/hcp.gpkg,thresh_0.97,t1090::thresh_0.97::36,t1090,hcp,skip,,13,444758.6272,
2026-06-09T22:01:13.339059+00:00,vector_mc11_v3_denoising/hcp.gpkg,thresh_0.97,t1086::thresh_0.97::2,t1086,hcp,reject,alteration,8,263257.2948,
2026-06-09T22:01:37.851038+00:00,vector_mc11_v3_denoising/hcp.gpkg,thresh_0.95,t1087::thresh_0.95::16,t1087,hcp,reject,alteration,10638,350647408.9,
2026-06-09T22:01:43.878482+00:00,vector_mc11_v3_denoising/hcp.gpkg,thresh_0.95,t1086::thresh_0.95::9,t1086,hcp,reject,alteration,8551,281694486.3,
2026-06-09T22:01:50.948116+00:00,vector_mc11_v3_denoising/hcp.gpkg,thresh_0.95,t1086::thresh_0.95::3,t1086,hcp,reject,alteration,6895,226944403.5,
2026-06-09T22:01:56.426031+00:00,vector_mc11_v3_denoising/hcp.gpkg,thresh_0.95,t1086::thresh_0.95::0,t1086,hcp,reject,alteration,6811,224143555.5,
2026-06-09T22:02:02.826151+00:00,vector_mc11_v3_denoising/hcp.gpkg,thresh_0.95,t1090::thresh_0.95::27,t1090,hcp,skip,,5585,184175012.4,
2026-06-09T22:02:06.321941+00:00,vector_mc11_v3_denoising/hcp.gpkg,thresh_0.95,t1090::thresh_0.95::35,t1090,hcp,skip,,4648,152836593.1,
2026-06-09T22:02:11.405697+00:00,vector_mc11_v3_denoising/hcp.gpkg,thresh_0.95,t1090::thresh_0.95::24,t1090,hcp,reject,alteration,4517,148449914.3,
2026-06-09T22:02:16.386780+00:00,vector_mc11_v3_denoising/hcp.gpkg,thresh_0.95,t1086::thresh_0.95::1,t1086,hcp,reject,alteration,2225,73325291.21,
2026-06-09T22:02:20.235304+00:00,vector_mc11_v3_denoising/hcp.gpkg,thresh_0.95,t1090::thresh_0.95::26,t1090,hcp,skip,,1974,65087788.91,
2026-06-09T22:02:23.104974+00:00,vector_mc11_v3_denoising/hcp.gpkg,thresh_0.95,t1086::thresh_0.95::6,t1086,hcp,reject,alteration,1244,41009973.36,
2026-06-09T22:02:27.312902+00:00,vector_mc11_v3_denoising/hcp.gpkg,thresh_0.95,t1090::thresh_0.95::46,t1090,hcp,skip,,1203,39770847.31,
2026-06-09T22:02:29.627584+00:00,vector_mc11_v3_denoising/hcp.gpkg,thresh_0.95,t1086::thresh_0.95::4,t1086,hcp,reject,alteration,1092,36117285.42,
2026-06-09T22:02:34.714845+00:00,vector_mc11_v3_denoising/hcp.gpkg,thresh_0.95,t1086::thresh_0.95::7,t1086,hcp,reject,alteration,827,27310195.23,
2026-06-09T22:02:38.815755+00:00,vector_mc11_v3_denoising/hcp.gpkg,thresh_0.95,t1087::thresh_0.95::19,t1087,hcp,reject,alteration,527,17365111.29,
2026-06-09T22:02:50.595270+00:00,vector_mc11_v3_denoising/hcp.gpkg,thresh_0.95,t1088::thresh_0.95::20,t1088,hcp,skip,,265,8586718.432,
2026-06-09T22:02:53.127361+00:00,vector_mc11_v3_denoising/hcp.gpkg,thresh_0.95,t1086::thresh_0.95::2,t1086,hcp,reject,alteration,245,8068511.294,
2026-06-09T22:02:56.964199+00:00,vector_mc11_v3_denoising/hcp.gpkg,thresh_0.95,t1090::thresh_0.95::48,t1090,hcp,skip,,214,6936288.622,
2026-06-09T22:02:59.454156+00:00,vector_mc11_v3_denoising/hcp.gpkg,thresh_0.95,t1087::thresh_0.95::14,t1087,hcp,reject,alteration,205,6813000.437,
2026-06-09T22:03:03.065246+00:00,vector_mc11_v3_denoising/hcp.gpkg,thresh_0.95,t1086::thresh_0.95::8,t1086,hcp,reject,alteration,203,6687761.03,
2026-06-09T22:03:19.353870+00:00,vector_mc11_v3_denoising/hcp.gpkg,thresh_0.95,t1232::thresh_0.95::50,t1232,hcp,confirm,,179,5909852.291,
2026-06-09T22:03:30.455682+00:00,vector_mc11_v3_denoising/hcp.gpkg,thresh_0.95,t1090::thresh_0.95::31,t1090,hcp,reject,alteration,153,5038683.06,
2026-06-09T22:03:34.427587+00:00,vector_mc11_v3_denoising/hcp.gpkg,thresh_0.95,t1090::thresh_0.95::38,t1090,hcp,skip,,129,4348705.277,
2026-06-09T22:03:37.365177+00:00,vector_mc11_v3_denoising/hcp.gpkg,thresh_0.95,t1086::thresh_0.95::10,t1086,hcp,reject,alteration,126,4233684.937,
2026-06-09T22:03:42.860327+00:00,vector_mc11_v3_denoising/hcp.gpkg,thresh_0.95,t1086::thresh_0.95::5,t1086,hcp,reject,alteration,116,3920092.121,
2026-06-09T22:03:46.138587+00:00,vector_mc11_v3_denoising/hcp.gpkg,thresh_0.95,t1087::thresh_0.95::12,t1087,hcp,skip,,81,2648947.706,
2026-06-09T22:03:48.182064+00:00,vector_mc11_v3_denoising/hcp.gpkg,thresh_0.95,t1090::thresh_0.95::25,t1090,hcp,skip,,73,2418928.189,
2026-06-09T22:03:50.675152+00:00,vector_mc11_v3_denoising/hcp.gpkg,thresh_0.95,t1090::thresh_0.95::39,t1090,hcp,skip,,76,2405100.587,
2026-06-09T22:03:53.103235+00:00,vector_mc11_v3_denoising/hcp.gpkg,thresh_0.95,t1090::thresh_0.95::23,t1090,hcp,reject,alteration,62,2089484.536,
2026-06-09T22:03:57.521832+00:00,vector_mc11_v3_denoising/hcp.gpkg,thresh_0.95,t1086::thresh_0.95::11,t1086,hcp,skip,,63,2075852.05,
2026-06-09T22:03:59.545314+00:00,vector_mc11_v3_denoising/hcp.gpkg,thresh_0.95,t1090::thresh_0.95::22,t1090,hcp,skip,,60,2019709.955,
2026-06-09T22:04:13.191730+00:00,vector_mc11_v3_denoising/hcp.gpkg,thresh_0.95,t1090::thresh_0.95::44,t1090,hcp,reject,alteration,56,1828725.819,
2026-06-09T22:04:18.689458+00:00,vector_mc11_v3_denoising/hcp.gpkg,thresh_0.95,t1090::thresh_0.95::37,t1090,hcp,skip,,45,1548327.805,
2026-06-09T22:04:20.558189+00:00,vector_mc11_v3_denoising/hcp.gpkg,thresh_0.95,t1090::thresh_0.95::45,t1090,hcp,skip,,47,1515769.63,
2026-06-09T22:04:21.920307+00:00,vector_mc11_v3_denoising/hcp.gpkg,thresh_0.95,t1090::thresh_0.95::28,t1090,hcp,skip,,42,1382841.853,
2026-06-09T22:04:24.880775+00:00,vector_mc11_v3_denoising/hcp.gpkg,thresh_0.95,t1087::thresh_0.95::17,t1087,hcp,skip,,36,1186054.879,
2026-06-09T22:04:29.318529+00:00,vector_mc11_v3_denoising/hcp.gpkg,thresh_0.95,t1087::thresh_0.95::13,t1087,hcp,reject,alteration,33,1069518.13,
2026-06-09T22:04:35.091145+00:00,vector_mc11_v3_denoising/hcp.gpkg,thresh_0.95,t1087::thresh_0.95::18,t1087,hcp,reject,alteration,32,988411.725,
2026-06-09T22:04:42.473078+00:00,vector_mc11_v3_denoising/hcp.gpkg,thresh_0.95,t1090::thresh_0.95::47,t1090,hcp,reject,alteration,28,955605.9661,
2026-06-09T22:04:47.504976+00:00,vector_mc11_v3_denoising/hcp.gpkg,thresh_0.95,t1090::thresh_0.95::40,t1090,hcp,skip,,27,906063.8818,
2026-06-09T22:05:05.279357+00:00,vector_mc11_v3_denoising/hcp.gpkg,thresh_0.95,t1090::thresh_0.95::36,t1090,hcp,skip,,27,889460.833,
2026-06-09T22:05:12.815274+00:00,vector_mc11_v3_denoising/hcp.gpkg,thresh_0.95,t1088::thresh_0.95::21,t1088,hcp,confirm,,24,803132.4742,
2026-06-09T22:05:30.300044+00:00,vector_mc11_v3_denoising/hcp.gpkg,thresh_0.95,t1090::thresh_0.95::43,t1090,hcp,reject,bland,22,724881.1059,
2026-06-09T22:06:27.487020+00:00,vector_mc11_v3_denoising/lcp.gpkg,thresh_0.97,t1443::thresh_0.97::26981,t1443,lcp,reject,bland,759365,24889439928.0,
2026-06-09T22:07:10.493622+00:00,vector_mc11_v3_denoising/lcp.gpkg,thresh_0.97,t1445::thresh_0.97::27333,t1445,lcp,reject,bland,669283,21997543494.0,
2026-06-09T22:07:57.249294+00:00,vector_mc11_v3_denoising/lcp.gpkg,thresh_0.97,t1083::thresh_0.97::343,t1083,lcp,reject,bland,614086,20210396364.0,
2026-06-09T22:09:16.898630+00:00,vector_mc11_v3_denoising/lcp.gpkg,thresh_0.97,t1082::thresh_0.97::125,t1082,lcp,reject,bland,493029,16232839725.0,
2026-06-09T22:10:13.300446+00:00,vector_mc11_v3_denoising/lcp.gpkg,thresh_0.97,t1442::thresh_0.97::26799,t1442,lcp,reject,bland,469248,15391545189.0,
2026-06-09T22:11:06.469551+00:00,vector_mc11_v3_denoising/lcp.gpkg,thresh_0.97,t1443::thresh_0.97::26985,t1443,lcp,reject,bland,427823,14030570208.0,
2026-06-09T22:12:10.756554+00:00,vector_mc11_v3_denoising/lcp.gpkg,thresh_0.97,t1232::thresh_0.97::11967,t1232,lcp,reject,bland,415115,13702210841.0,
2026-06-09T22:16:37.499460+00:00,vector_mc11_v3_denoising/lcp.gpkg,thresh_0.97,t1158::thresh_0.97::5065,t1158,lcp,reject,bland,369936,12187100986.0,
2026-06-09T22:19:40.495734+00:00,vector_mc11_v3_denoising/lcp.gpkg,thresh_0.97,t1156::thresh_0.97::4013,t1156,lcp,reject,bland,353869,11673397847.0,
2026-06-09T22:20:49.667105+00:00,vector_mc11_v3_denoising/lcp.gpkg,thresh_0.97,t1084::thresh_0.97::370,t1084,lcp,reject,bland,349818,11513395107.0,
2026-06-09T22:24:13.268523+00:00,vector_mc11_v3_denoising/lcp.gpkg,thresh_0.97,t1084::thresh_0.97::365,t1084,lcp,skip,,348959,11487933493.0,
2026-06-09T22:26:15.288456+00:00,vector_mc11_v3_denoising/lcp.gpkg,thresh_0.97,t1445::thresh_0.97::27332,t1445,lcp,reject,bland,341970,11137366943.0,
2026-06-09T22:30:11.066763+00:00,vector_mc11_v3_denoising/lcp.gpkg,thresh_0.97,t1085::thresh_0.97::692,t1085,lcp,reject,bland,327474,10782906593.0,
2026-06-09T22:31:32.944858+00:00,vector_mc11_v3_denoising/lcp.gpkg,thresh_0.97,t1370::thresh_0.97::20981,t1370,lcp,reject,bland,322094,10592745093.0,
2026-06-09T22:32:28.051955+00:00,vector_mc11_v3_denoising/hcp.gpkg,thresh_0.97,t1087::thresh_0.97::22,t1087,hcp,reject,alteration,7417,244228744.3,
2026-06-09T22:37:21.977957+00:00,vector_mc11_v3_denoising/lcp.gpkg,thresh_0.97,t1226::thresh_0.97::7975,t1226,lcp,reject,bland,320181,10534559438.0,
2026-06-09T22:39:44.428800+00:00,vector_mc11_v3_denoising/lcp.gpkg,thresh_0.97,t1226::thresh_0.97::7975,t1226,lcp,reject,bland,320181,10534559438.0,
2026-06-09T22:42:20.013093+00:00,vector_mc11_v3_denoising/lcp.gpkg,thresh_0.97,t1086::thresh_0.97::895,t1086,lcp,reject,bland,303500,9997881215.43689,
2026-06-09T23:39:32.867021+00:00,vector_mc11_v3_denoising/lcp.gpkg,thresh_0.97,t1372::thresh_0.97::22331,t1372,lcp,reject,bland,287453,9471657105.076763,
2026-06-09T23:42:25.561771+00:00,vector_mc11_v3_denoising/lcp.gpkg,thresh_0.97,t1083::thresh_0.97::344,t1083,lcp,reject,bland,283663,9352449597.798046,
2026-06-09T23:44:20.852774+00:00,vector_mc11_v3_denoising/lcp.gpkg,thresh_0.97,t1155::thresh_0.97::3374,t1155,lcp,reject,bland,283014,9321093738.194172,
2026-06-09T23:46:12.796178+00:00,vector_mc11_v3_denoising/lcp.gpkg,thresh_0.97,t1154::thresh_0.97::3089,t1154,lcp,reject,bland,282174,9299839459.32775,
2026-06-09T23:53:43.214172+00:00,vector_mc11_v3_denoising/lcp.gpkg,thresh_0.97,t1447::thresh_0.97::28457,t1447,lcp,reject,bland,278441,9193113908.838486,
2026-06-10T15:34:53.690162+00:00,vector_mc13_relabeled/lcp.gpkg,thresh_0.97,t1249::thresh_0.97::6018,t1249,lcp,confirm,,9513,309919733.37057483,
2026-06-10T15:37:11.389409+00:00,vector_mc11_v3_denoising/lcp.gpkg,thresh_0.97,t1155::thresh_0.97::3367,t1155,lcp,reject,bland,275179,9099125062.13975,
2026-06-10T15:40:27.746729+00:00,vector_mc11_v3_denoising/lcp.gpkg,thresh_0.97,t1082::thresh_0.97::129,t1082,lcp,reject,bland,263435,8693417639.877363,
2026-06-10T15:42:35.749444+00:00,vector_mc11_v3_denoising/lcp.gpkg,thresh_0.97,t1227::thresh_0.97::8513,t1227,lcp,skip,,260477,8591393035.0205,
2026-06-10T15:44:31.748251+00:00,vector_mc11_v3_denoising/lcp.gpkg,thresh_0.97,t1372::thresh_0.97::22323,t1372,lcp,skip,,260795,8589644948.138389,
2026-06-10T15:46:09.178718+00:00,vector_mc11_v3_denoising/lcp.gpkg,thresh_0.97,t1082::thresh_0.97::127,t1082,lcp,reject,bland,258317,8516227078.491794,
2026-06-10T16:07:45.231957+00:00,vector_mc11_v3_denoising/lcp.gpkg,thresh_0.97,t1154::thresh_0.97::3086,t1154,lcp,reject,bland,252663,8360965003.036425,
2026-06-10T16:12:13.921789+00:00,vector_mc11_v3_denoising/lcp.gpkg,thresh_0.93,t1378::thresh_0.93::11096,t1378,lcp,reject,bland,13,433623.8393352628,
2026-06-10T16:19:39.711775+00:00,vector_mc11_v3_denoising/lcp.gpkg,thresh_0.97,t1299::thresh_0.97::14286,t1299,lcp,confirm,,9,291321.1373129487,
2026-06-10T16:20:52.173741+00:00,vector_mc11_v3_denoising/lcp.gpkg,thresh_0.97,t1299::thresh_0.97::14281,t1299,lcp,confirm,,9,291284.0083523989,
2026-06-10T16:21:47.687289+00:00,vector_mc11_v3_denoising/lcp.gpkg,thresh_0.97,t1299::thresh_0.97::14283,t1299,lcp,reject,bland,14,485473.8161597848,
2026-06-10T16:24:43.319576+00:00,vector_mc11_v3_denoising/lcp.gpkg,thresh_0.97,t1299::thresh_0.97::14294,t1299,lcp,reject,bland,10,323763.773950398,
2026-06-10T16:40:47.062129+00:00,vector_mc11_v3_denoising/hcp.gpkg,thresh_0.95,t1232::thresh_0.95::49,t1232,hcp,confirm,,17,574536.8691975474,
2026-06-10T16:46:26.924730+00:00,vector_mc11_v3_denoising/hcp.gpkg,thresh_0.95,t1090::thresh_0.95::42,t1090,hcp,confirm,,21,675449.5052858628,olivine
2026-06-10T16:46:52.096127+00:00,vector_mc11_v3_denoising/hcp.gpkg,thresh_0.95,t1090::thresh_0.95::41,t1090,hcp,reject,alteration,16,543645.5694291592,
2026-06-10T16:55:34.497068+00:00,vector_mc11_v3_denoising/olivine.gpkg,thresh_0.97,t1090::thresh_0.97::58,t1090,olivine,confirm,,5214,171726054.54694065,
2026-06-10T16:56:05.450806+00:00,vector_mc11_v3_denoising/olivine.gpkg,thresh_0.97,t1090::thresh_0.97::51,t1090,olivine,reject,alteration,4974,163812631.20851845,
2026-06-10T17:01:41.708731+00:00,vector_mc11_v3_denoising/hcp.gpkg,thresh_0.95,t1234::thresh_0.95::51,t1234,hcp,confirm,,13,398153.46114593744,olivine
2026-06-10T17:01:58.170811+00:00,vector_mc11_v3_denoising/hcp.gpkg,thresh_0.95,t1090::thresh_0.95::32,t1090,hcp,reject,alteration,11,378743.88522431254,
2026-06-10T17:15:08.728570+00:00,vector_mc13_relabeled/olivine.gpkg,thresh_0.97,t1322::thresh_0.97::2845,t1322,olivine,confirm,,41544,1385079932.6628919,
2026-06-10T17:15:54.744362+00:00,vector_mc11_v3_denoising/olivine.gpkg,thresh_0.97,t1234::thresh_0.97::75,t1234,olivine,confirm,,1473,48949184.00433758,hcp
2026-06-10T17:17:06.862673+00:00,vector_mc11_v3_denoising/olivine.gpkg,thresh_0.97,t1090::thresh_0.97::61,t1090,olivine,confirm,,1310,43197491.17935817,
2026-06-10T17:17:40.027968+00:00,vector_mc11_v3_denoising/olivine.gpkg,thresh_0.97,t1230::thresh_0.97::68,t1230,olivine,reject,ambiguous,1298,42959653.752195954,
2026-06-10T17:26:40.232932+00:00,vector_mc11_v3_denoising/olivine.gpkg,thresh_0.97,t1090::thresh_0.97::46,t1090,olivine,reject,alteration,3902,128213162.93925083,
2026-06-10T17:54:17.919165+00:00,vector_mc11_v3_denoising/olivine.gpkg,thresh_0.97,t1088::thresh_0.97::40,t1088,olivine,confirm,,1058,34755313.039403185,hcp
2026-06-10T17:54:24.819927+00:00,vector_mc11_v3_denoising/olivine.gpkg,thresh_0.97,t1087::thresh_0.97::28,t1087,olivine,reject,alteration,1051,34559161.655057706,
2026-06-10T17:54:35.226410+00:00,vector_mc11_v3_denoising/olivine.gpkg,thresh_0.97,t1088::thresh_0.97::42,t1088,olivine,confirm,,664,21719111.193604678,hcp
2026-06-10T17:54:39.752728+00:00,vector_mc11_v3_denoising/olivine.gpkg,thresh_0.97,t1087::thresh_0.97::26,t1087,olivine,reject,alteration,596,19539326.053857192,
2026-06-10T17:54:42.811168+00:00,vector_mc11_v3_denoising/olivine.gpkg,thresh_0.97,t1086::thresh_0.97::21,t1086,olivine,reject,alteration,489,16010706.40247763,
2026-06-10T17:54:46.715430+00:00,vector_mc11_v3_denoising/olivine.gpkg,thresh_0.97,t1090::thresh_0.97::50,t1090,olivine,reject,alteration,350,11470877.534395747,
2026-06-10T17:54:50.489894+00:00,vector_mc11_v3_denoising/olivine.gpkg,thresh_0.97,t1086::thresh_0.97::20,t1086,olivine,reject,alteration,347,11446183.613976728,
2026-06-10T17:54:53.920869+00:00,vector_mc11_v3_denoising/olivine.gpkg,thresh_0.97,t1090::thresh_0.97::48,t1090,olivine,reject,alteration,255,8326488.799527146,
2026-06-10T17:54:55.985935+00:00,vector_mc11_v3_denoising/olivine.gpkg,thresh_0.97,t1087::thresh_0.97::36,t1087,olivine,reject,alteration,247,8087421.256755751,
2026-06-10T17:54:58.005096+00:00,vector_mc11_v3_denoising/olivine.gpkg,thresh_0.97,t1086::thresh_0.97::18,t1086,olivine,reject,alteration,216,7031879.638364855,
2026-06-10T17:55:00.452279+00:00,vector_mc11_v3_denoising/olivine.gpkg,thresh_0.97,t1087::thresh_0.97::37,t1087,olivine,reject,alteration,202,6639720.519961305,
2026-06-10T17:55:25.711211+00:00,vector_mc11_v3_denoising/olivine.gpkg,thresh_0.97,t1302::thresh_0.97::81,t1302,olivine,skip,,172,5763514.98721379,
2026-06-10T17:55:47.113943+00:00,vector_mc11_v3_denoising/olivine.gpkg,thresh_0.97,t1232::thresh_0.97::72,t1232,olivine,skip,,168,5515807.420951724,
2026-06-10T17:55:50.160336+00:00,vector_mc11_v3_denoising/olivine.gpkg,thresh_0.97,t1087::thresh_0.97::29,t1087,olivine,reject,alteration,167,5400778.217806652,
2026-06-10T17:56:04.913739+00:00,vector_mc11_v3_denoising/olivine.gpkg,thresh_0.97,t1374::thresh_0.97::93,t1374,olivine,confirm,,164,5376830.784932733,
2026-06-10T17:56:16.126938+00:00,vector_mc11_v3_denoising/olivine.gpkg,thresh_0.97,t1090::thresh_0.97::62,t1090,olivine,reject,alteration,160,5272258.093460947,
2026-06-10T17:56:24.686100+00:00,vector_mc11_v3_denoising/olivine.gpkg,thresh_0.97,t1371::thresh_0.97::90,t1371,olivine,confirm,,153,5247244.792968988,
2026-06-10T17:56:40.244825+00:00,vector_mc11_v3_denoising/olivine.gpkg,thresh_0.97,t1374::thresh_0.97::94,t1374,olivine,confirm,,156,5086424.8590118885,
2026-06-10T17:56:47.033788+00:00,vector_mc11_v3_denoising/olivine.gpkg,thresh_0.97,t1374::thresh_0.97::97,t1374,olivine,reject,alteration,150,4934890.913261771,
2026-06-10T17:57:12.742013+00:00,vector_mc11_v3_denoising/olivine.gpkg,thresh_0.97,t1160::thresh_0.97::63,t1160,olivine,confirm,,147,4838714.858427197,hcp
2026-06-10T17:57:18.223995+00:00,vector_mc11_v3_denoising/olivine.gpkg,thresh_0.97,t1087::thresh_0.97::35,t1087,olivine,reject,alteration,130,4232978.375516757,
2026-06-10T17:57:27.472295+00:00,vector_mc11_v3_denoising/olivine.gpkg,thresh_0.97,t1230::thresh_0.97::67,t1230,olivine,skip,,123,4067098.4968565106,
2026-06-10T17:57:32.968442+00:00,vector_mc11_v3_denoising/olivine.gpkg,thresh_0.97,t1090::thresh_0.97::49,t1090,olivine,reject,alteration,108,3521699.776561305,
2026-06-10T17:57:37.412474+00:00,vector_mc11_v3_denoising/olivine.gpkg,thresh_0.97,t1087::thresh_0.97::34,t1087,olivine,reject,alteration,97,3162296.3912256695,
2026-06-10T17:57:47.519151+00:00,vector_mc11_v3_denoising/olivine.gpkg,thresh_0.97,t1160::thresh_0.97::64,t1160,olivine,confirm,,85,2789373.7925596833,hcp
2026-06-10T17:57:56.196007+00:00,vector_mc11_v3_denoising/olivine.gpkg,thresh_0.97,t1371::thresh_0.97::91,t1371,olivine,confirm,,80,2709721.626036763,
2026-06-10T17:58:01.664464+00:00,vector_mc11_v3_denoising/olivine.gpkg,thresh_0.97,t1090::thresh_0.97::55,t1090,olivine,reject,alteration,75,2469942.490846187,
2026-06-10T17:58:08.797426+00:00,vector_mc11_v3_denoising/olivine.gpkg,thresh_0.97,t1088::thresh_0.97::38,t1088,olivine,reject,alteration,63,2129831.9505186975,
2026-06-10T17:58:15.694990+00:00,vector_mc11_v3_denoising/olivine.gpkg,thresh_0.97,t1371::thresh_0.97::87,t1371,olivine,confirm,,66,2109816.7618840933,
2026-06-10T17:58:23.396676+00:00,vector_mc11_v3_denoising/olivine.gpkg,thresh_0.97,t1372::thresh_0.97::92,t1372,olivine,confirm,,60,1974575.5083184242,
2026-06-10T17:58:37.054922+00:00,vector_mc11_v3_denoising/olivine.gpkg,thresh_0.97,t1090::thresh_0.97::54,t1090,olivine,skip,,57,1877120.9381586313,
2026-06-10T17:58:50.015873+00:00,vector_mc11_v3_denoising/olivine.gpkg,thresh_0.97,t1085::thresh_0.97::1,t1085,olivine,reject,ambiguous,55,1861418.0782898664,
2026-06-10T17:58:56.852712+00:00,vector_mc11_v3_denoising/olivine.gpkg,thresh_0.97,t1160::thresh_0.97::66,t1160,olivine,skip,,55,1833619.8439005464,
2026-06-10T17:59:45.264722+00:00,vector_mc11_v3_denoising/olivine.gpkg,thresh_0.95,t1090::thresh_0.95::61,t1090,olivine,reject,alteration,10246,336964900.7946232,
2026-06-10T17:59:56.310156+00:00,vector_mc11_v3_denoising/olivine.gpkg,thresh_0.97,t1371::thresh_0.97::84,t1371,olivine,confirm,,45,1471477.769456029,
2026-06-10T18:00:04.242417+00:00,vector_mc11_v3_denoising/olivine.gpkg,thresh_0.97,t1087::thresh_0.97::27,t1087,olivine,reject,alteration,43,1416027.7334936038,
