tile_id,mc_dir,max_zero_frac_ge2200,flagged,detail
t1487,mc02,0.000,,
t1488,mc02,0.000,,
t1489,mc02,0.000,,
t1490,mc02,0.000,,
t1491,mc02,0.000,,
t1492,mc02,0.000,,
t1493,mc02,0.000,,
t1494,mc02,0.000,,
t1495,mc02,0.000,,
t1496,mc02,0.000,,
t1497,mc02,0.000,,
t1498,mc02,0.000,,
t1559,mc02,0.000,,
t1560,mc02,0.000,,
t1561,mc02,0.000,,
t1562,mc02,0.000,,
t1563,mc02,0.000,,
t1564,mc02,0.000,,
t1565,mc02,0.000,,
t1566,mc02,0.000,,
t1567,mc02,0.000,,
t1568,mc02,0.000,,
t1569,mc02,0.000,,
t1570,mc02,0.000,,
t1631,mc02,0.000,,
t1632,mc02,0.000,,
t1633,mc02,0.000,,
t1634,mc02,0.000,,
t1635,mc02,0.000,,
t1636,mc02,0.000,,
t1637,mc02,0.000,,
t1638,mc02,0.000,,
t1639,mc02,0.000,,
t1640,mc02,0.000,,
t1641,mc02,0.000,,
t1642,mc02,0.000,,
t1694,mc02,0.000,,
t1695,mc02,0.000,,
t1696,mc02,0.000,,
t1697,mc02,0.000,,
t1698,mc02,0.000,,
t1699,mc02,0.000,,
t1700,mc02,0.000,,
t1701,mc02,0.000,,
t1702,mc02,0.000,,
t1748,mc02,0.000,,
t1749,mc02,0.000,,
t1750,mc02,0.000,,
t1751,mc02,0.000,,
t1752,mc02,0.000,,
t1753,mc02,0.000,,
t1754,mc02,0.000,,
t1755,mc02,0.000,,
t1756,mc02,0.000,,
t1802,mc02,0.000,,
t1803,mc02,0.000,,
t1804,mc02,0.000,,
t1805,mc02,0.000,,
t1806,mc02,0.000,,
t1807,mc02,0.000,,
t1808,mc02,0.000,,
t1809,mc02,0.000,,
t1810,mc02,0.000,,
t1847,mc02,0.000,,
t1848,mc02,0.000,,
t1849,mc02,0.000,,
t1850,mc02,0.000,,
t1851,mc02,0.000,,
t1852,mc02,0.000,,
t1499,mc03,0.000,,
t1500,mc03,0.000,,
t1501,mc03,0.000,,
t1502,mc03,0.000,,
t1503,mc03,0.000,,
t1504,mc03,0.000,,
t1505,mc03,0.000,,
t1506,mc03,0.000,,
t1507,mc03,0.000,,
t1508,mc03,0.000,,
t1509,mc03,0.000,,
t1510,mc03,0.000,,
t1571,mc03,0.000,,
t1572,mc03,0.000,,
t1573,mc03,0.000,,
t1574,mc03,0.000,,
t1575,mc03,0.000,,
t1576,mc03,0.000,,
t1577,mc03,0.000,,
t1578,mc03,0.000,,
t1579,mc03,0.000,,
t1580,mc03,0.000,,
t1581,mc03,0.000,,
t1582,mc03,0.000,,
t1643,mc03,0.000,,
t1644,mc03,0.000,,
t1645,mc03,0.000,,
t1646,mc03,0.000,,
t1647,mc03,0.000,,
t1648,mc03,0.000,,
t1649,mc03,0.000,,
t1650,mc03,0.000,,
t1651,mc03,0.000,,
t1652,mc03,0.000,,
t1653,mc03,0.000,,
t1654,mc03,0.000,,
t1703,mc03,0.000,,
t1704,mc03,0.000,,
t1705,mc03,0.000,,
t1706,mc03,0.000,,
t1707,mc03,0.000,,
t1708,mc03,0.000,,
t1709,mc03,0.000,,
t1710,mc03,0.000,,
t1711,mc03,0.000,,
t1757,mc03,0.000,,
t1758,mc03,0.000,,
t1759,mc03,0.000,,
t1760,mc03,0.000,,
t1761,mc03,0.000,,
t1762,mc03,0.000,,
t1763,mc03,0.000,,
t1764,mc03,0.000,,
t1765,mc03,0.000,,
t1811,mc03,0.000,,
t1812,mc03,0.000,,
t1813,mc03,0.000,,
t1814,mc03,0.000,,
t1815,mc03,0.000,,
t1816,mc03,0.000,,
t1817,mc03,0.000,,
t1818,mc03,0.000,,
t1819,mc03,0.000,,
t1853,mc03,0.000,,
t1854,mc03,0.000,,
t1855,mc03,0.000,,
t1856,mc03,0.000,,
t1857,mc03,0.000,,
t1858,mc03,0.000,,
t1511,mc04,0.000,,
t1512,mc04,0.000,,
t1513,mc04,0.000,,
t1514,mc04,0.000,,
t1515,mc04,0.000,,
t1516,mc04,0.000,,
t1517,mc04,0.000,,
t1518,mc04,0.000,,
t1519,mc04,0.000,,
t1520,mc04,0.000,,
t1521,mc04,0.000,,
t1522,mc04,0.000,,
t1583,mc04,0.000,,
t1584,mc04,0.000,,
t1585,mc04,0.000,,
t1586,mc04,0.000,,
t1587,mc04,0.000,,
t1588,mc04,0.000,,
t1589,mc04,0.000,,
t1590,mc04,0.000,,
t1591,mc04,0.000,,
t1592,mc04,0.000,,
t1593,mc04,0.000,,
t1594,mc04,0.000,,
t1655,mc04,0.000,,
t1656,mc04,0.000,,
t1657,mc04,0.000,,
t1658,mc04,0.000,,
t1659,mc04,0.000,,
t1660,mc04,0.000,,
t1661,mc04,0.000,,
t1662,mc04,0.000,,
t1663,mc04,0.000,,
t1664,mc04,0.000,,
t1665,mc04,0.000,,
t1666,mc04,0.000,,
t1712,mc04,0.000,,
t1713,mc04,0.000,,
t1714,mc04,0.000,,
t1715,mc04,0.000,,
t1716,mc04,0.000,,
t1717,mc04,0.000,,
t1718,mc04,0.000,,
t1719,mc04,0.000,,
t1720,mc04,0.000,,
t1766,mc04,0.000,,
t1767,mc04,0.000,,
t1768,mc04,0.000,,
t1769,mc04,0.000,,
t1770,mc04,0.000,,
t1771,mc04,0.000,,
t1772,mc04,0.000,,
t1773,mc04,0.000,,
t1774,mc04,0.000,,
t1820,mc04,0.000,,
t1821,mc04,0.000,,
t1822,mc04,0.000,,
t1823,mc04,0.000,,
t1824,mc04,0.000,,
t1825,mc04,0.000,,
t1826,mc04,0.000,,
t1827,mc04,0.000,,
t1828,mc04,0.000,,
t1859,mc04,0.137,ZERO-TAIL,2457:0.14
t1860,mc04,0.000,,
t1861,mc04,0.000,,
t1862,mc04,0.000,,
t1863,mc04,0.000,,
t1864,mc04,0.000,,
t1451,mc05,0.000,,
t1452,mc05,0.000,,
t1453,mc05,0.000,,
t1454,mc05,0.000,,
t1455,mc05,0.000,,
t1456,mc05,0.000,,
t1457,mc05,0.000,,
t1458,mc05,0.000,,
t1459,mc05,0.000,,
t1460,mc05,0.000,,
t1461,mc05,0.000,,
t1462,mc05,0.000,,
t1523,mc05,0.000,,
t1524,mc05,0.000,,
t1525,mc05,0.000,,
t1526,mc05,0.000,,
t1527,mc05,0.000,,
t1528,mc05,0.000,,
t1529,mc05,0.000,,
t1530,mc05,0.000,,
t1531,mc05,0.000,,
t1532,mc05,0.000,,
t1533,mc05,0.000,,
t1534,mc05,0.000,,
t1595,mc05,0.000,,
t1596,mc05,0.000,,
t1597,mc05,0.000,,
t1598,mc05,0.000,,
t1599,mc05,0.000,,
t1600,mc05,0.000,,
t1601,mc05,0.000,,
t1602,mc05,0.000,,
t1603,mc05,0.000,,
t1604,mc05,0.000,,
t1605,mc05,0.000,,
t1606,mc05,0.000,,
t1667,mc05,0.000,,
t1668,mc05,0.000,,
t1669,mc05,0.000,,
t1670,mc05,0.000,,
t1671,mc05,0.000,,
t1672,mc05,0.000,,
t1673,mc05,0.000,,
t1674,mc05,0.000,,
t1675,mc05,0.000,,
t1721,mc05,0.000,,
t1722,mc05,0.000,,
t1723,mc05,0.000,,
t1724,mc05,0.000,,
t1725,mc05,0.000,,
t1726,mc05,0.000,,
t1727,mc05,0.000,,
t1728,mc05,0.000,,
t1729,mc05,0.000,,
t1775,mc05,0.000,,
t1776,mc05,0.000,,
t1777,mc05,0.000,,
t1778,mc05,0.000,,
t1779,mc05,0.000,,
t1780,mc05,0.000,,
t1781,mc05,0.000,,
t1782,mc05,0.000,,
t1783,mc05,0.000,,
t1829,mc05,0.000,,
t1830,mc05,0.000,,
t1831,mc05,0.000,,
t1832,mc05,0.000,,
t1833,mc05,0.000,,
t1834,mc05,0.000,,
t1463,mc06,0.000,,
t1464,mc06,0.000,,
t1465,mc06,0.000,,
t1466,mc06,0.000,,
t1467,mc06,0.000,,
t1468,mc06,0.000,,
t1469,mc06,0.000,,
t1470,mc06,0.000,,
t1471,mc06,0.000,,
t1472,mc06,0.000,,
t1473,mc06,0.000,,
t1474,mc06,0.000,,
t1535,mc06,0.000,,
t1536,mc06,0.000,,
t1537,mc06,0.000,,
t1538,mc06,0.000,,
t1539,mc06,0.000,,
t1540,mc06,0.000,,
t1541,mc06,0.000,,
t1542,mc06,0.000,,
t1543,mc06,0.000,,
t1544,mc06,0.000,,
t1545,mc06,0.000,,
t1546,mc06,0.000,,
t1607,mc06,0.000,,
t1608,mc06,0.000,,
t1609,mc06,0.000,,
t1610,mc06,0.000,,
t1611,mc06,0.000,,
t1612,mc06,0.000,,
t1613,mc06,0.000,,
t1614,mc06,0.000,,
t1615,mc06,0.000,,
t1616,mc06,0.000,,
t1617,mc06,0.000,,
t1618,mc06,0.000,,
t1676,mc06,0.000,,
t1677,mc06,0.000,,
t1678,mc06,0.000,,
t1679,mc06,0.000,,
t1680,mc06,0.000,,
t1681,mc06,0.000,,
t1682,mc06,0.000,,
t1683,mc06,0.000,,
t1684,mc06,0.000,,
t1730,mc06,0.000,,
t1731,mc06,0.000,,
t1732,mc06,0.000,,
t1733,mc06,0.000,,
t1734,mc06,0.000,,
t1735,mc06,0.000,,
t1736,mc06,0.000,,
t1737,mc06,0.000,,
t1738,mc06,0.000,,
t1784,mc06,0.000,,
t1785,mc06,0.000,,
t1786,mc06,0.000,,
t1787,mc06,0.000,,
t1788,mc06,0.000,,
t1789,mc06,0.000,,
t1790,mc06,0.000,,
t1791,mc06,0.000,,
t1792,mc06,0.000,,
t1835,mc06,0.000,,
t1836,mc06,1.000,ZERO-TAIL,2205:1.00 2232:1.00 2252:1.00 2291:1.00 2318:1.00 2331:1.00 2351:1.00 2391:1.00 2430:1.00 2457:1.00
t1837,mc06,0.000,,
t1838,mc06,0.000,,
t1839,mc06,0.000,,
t1840,mc06,0.000,,
t1475,mc07,0.000,,
t1476,mc07,0.000,,
t1477,mc07,0.000,,
t1478,mc07,0.000,,
t1479,mc07,0.000,,
t1480,mc07,0.000,,
t1481,mc07,0.000,,
t1482,mc07,0.000,,
t1483,mc07,0.000,,
t1484,mc07,0.000,,
t1485,mc07,0.000,,
t1486,mc07,0.000,,
t1547,mc07,0.000,,
t1548,mc07,0.000,,
t1549,mc07,0.000,,
t1550,mc07,0.000,,
t1551,mc07,0.000,,
t1552,mc07,0.000,,
t1553,mc07,0.000,,
t1554,mc07,0.000,,
t1555,mc07,0.000,,
t1556,mc07,0.000,,
t1557,mc07,0.000,,
t1558,mc07,0.000,,
t1619,mc07,0.000,,
t1620,mc07,0.000,,
t1621,mc07,0.000,,
t1622,mc07,0.000,,
t1623,mc07,0.000,,
t1624,mc07,0.000,,
t1625,mc07,0.000,,
t1626,mc07,0.000,,
t1627,mc07,0.000,,
t1628,mc07,0.000,,
t1629,mc07,0.000,,
t1630,mc07,0.000,,
t1685,mc07,0.000,,
t1686,mc07,0.000,,
t1687,mc07,0.000,,
t1688,mc07,0.000,,
t1689,mc07,0.000,,
t1690,mc07,0.000,,
t1691,mc07,0.000,,
t1692,mc07,0.000,,
t1693,mc07,0.000,,
t1739,mc07,0.000,,
t1740,mc07,0.000,,
t1741,mc07,0.000,,
t1742,mc07,0.000,,
t1743,mc07,0.000,,
t1744,mc07,0.000,,
t1745,mc07,0.000,,
t1746,mc07,0.000,,
t1747,mc07,0.000,,
t1793,mc07,0.000,,
t1794,mc07,0.000,,
t1795,mc07,0.000,,
t1796,mc07,0.000,,
t1797,mc07,0.000,,
t1798,mc07,0.000,,
t1799,mc07,0.000,,
t1800,mc07,0.000,,
t1801,mc07,0.000,,
t1841,mc07,0.000,,
t1842,mc07,0.000,,
t1843,mc07,0.000,,
t1844,mc07,0.000,,
t1845,mc07,0.000,,
t1846,mc07,0.000,,
t1055,mc08,0.000,,
t1056,mc08,0.000,,
t1057,mc08,0.000,,
t1058,mc08,0.000,,
t1059,mc08,0.000,,
t1060,mc08,0.000,,
t1061,mc08,0.000,,
t1062,mc08,0.000,,
t1063,mc08,0.000,,
t1127,mc08,0.000,,
t1128,mc08,0.000,,
t1129,mc08,0.000,,
t1130,mc08,0.000,,
t1131,mc08,0.000,,
t1132,mc08,0.000,,
t1133,mc08,0.000,,
t1134,mc08,0.000,,
t1135,mc08,0.000,,
t1199,mc08,0.000,,
t1200,mc08,0.000,,
t1201,mc08,0.000,,
t1202,mc08,0.000,,
t1203,mc08,0.000,,
t1204,mc08,0.000,,
t1205,mc08,0.000,,
t1206,mc08,0.000,,
t1207,mc08,0.000,,
t1271,mc08,0.000,,
t1272,mc08,0.000,,
t1273,mc08,0.000,,
t1274,mc08,0.000,,
t1275,mc08,0.000,,
t1276,mc08,0.000,,
t1277,mc08,1.000,ZERO-TAIL,2291:0.27 2318:1.00 2331:1.00 2351:1.00 2391:1.00 2430:1.00 2457:1.00
t1278,mc08,0.000,,
t1279,mc08,0.000,,
t1343,mc08,0.000,,
t1344,mc08,0.000,,
t1345,mc08,0.000,,
t1346,mc08,0.000,,
t1347,mc08,0.000,,
t1348,mc08,0.000,,
t1349,mc08,0.000,,
t1350,mc08,0.000,,
t1351,mc08,0.000,,
t1415,mc08,0.000,,
t1416,mc08,0.000,,
t1417,mc08,0.000,,
t1418,mc08,0.000,,
t1419,mc08,0.000,,
t1420,mc08,0.000,,
t1421,mc08,0.000,,
t1422,mc08,0.000,,
t1423,mc08,0.000,,
t1064,mc09,0.000,,
t1065,mc09,0.000,,
t1066,mc09,0.000,,
t1067,mc09,0.000,,
t1068,mc09,0.000,,
t1069,mc09,0.000,,
t1070,mc09,0.000,,
t1071,mc09,0.000,,
t1072,mc09,0.000,,
t1136,mc09,1.000,ZERO-TAIL,2205:1.00 2232:1.00 2252:1.00 2291:1.00 2318:1.00 2331:1.00 2351:1.00 2391:1.00 2430:1.00 2457:1.00
t1137,mc09,0.000,,
t1138,mc09,0.000,,
t1139,mc09,0.000,,
t1140,mc09,0.000,,
t1141,mc09,0.000,,
t1142,mc09,0.000,,
t1143,mc09,0.000,,
t1144,mc09,0.000,,
t1208,mc09,0.000,,
t1209,mc09,0.000,,
t1210,mc09,0.000,,
t1211,mc09,0.000,,
t1212,mc09,0.000,,
t1213,mc09,0.000,,
t1214,mc09,0.000,,
t1215,mc09,0.000,,
t1216,mc09,0.000,,
t1280,mc09,0.000,,
t1281,mc09,0.000,,
t1282,mc09,1.000,ZERO-TAIL,2318:0.14 2331:1.00 2351:1.00 2391:1.00 2430:1.00 2457:1.00
t1283,mc09,0.000,,
t1284,mc09,0.000,,
t1285,mc09,0.000,,
t1286,mc09,0.000,,
t1287,mc09,0.000,,
t1288,mc09,0.000,,
t1352,mc09,0.000,,
t1353,mc09,0.000,,
t1354,mc09,0.000,,
t1355,mc09,0.000,,
t1356,mc09,0.000,,
t1357,mc09,0.000,,
t1358,mc09,0.000,,
t1359,mc09,0.000,,
t1360,mc09,0.000,,
t1424,mc09,0.000,,
t1425,mc09,0.000,,
t1426,mc09,0.000,,
t1427,mc09,0.000,,
t1428,mc09,0.000,,
t1429,mc09,0.000,,
t1430,mc09,0.000,,
t1431,mc09,0.000,,
t1432,mc09,0.000,,
t1073,mc10,0.000,,
t1074,mc10,0.000,,
t1075,mc10,0.000,,
t1076,mc10,0.000,,
t1077,mc10,0.000,,
t1078,mc10,0.000,,
t1079,mc10,0.000,,
t1080,mc10,0.000,,
t1081,mc10,0.000,,
t1145,mc10,0.000,,
t1146,mc10,0.000,,
t1147,mc10,0.000,,
t1148,mc10,0.000,,
t1149,mc10,0.000,,
t1150,mc10,0.000,,
t1151,mc10,0.000,,
t1152,mc10,0.000,,
t1153,mc10,0.000,,
t1217,mc10,0.000,,
t1218,mc10,0.000,,
t1219,mc10,0.000,,
t1220,mc10,0.000,,
t1221,mc10,0.000,,
t1222,mc10,0.000,,
t1223,mc10,0.000,,
t1224,mc10,0.000,,
t1225,mc10,0.000,,
t1289,mc10,0.000,,
t1290,mc10,0.000,,
t1291,mc10,0.000,,
t1292,mc10,0.000,,
t1293,mc10,0.000,,
t1294,mc10,0.000,,
t1295,mc10,0.000,,
t1296,mc10,0.000,,
t1297,mc10,0.000,,
t1361,mc10,0.000,,
t1362,mc10,0.000,,
t1363,mc10,0.000,,
t1364,mc10,0.000,,
t1365,mc10,0.000,,
t1366,mc10,0.000,,
t1367,mc10,0.000,,
t1368,mc10,0.000,,
t1369,mc10,0.000,,
t1433,mc10,0.000,,
t1434,mc10,0.000,,
t1435,mc10,0.000,,
t1436,mc10,1.000,ZERO-TAIL,2205:1.00 2232:1.00 2252:1.00 2291:1.00 2318:1.00 2331:1.00 2351:1.00 2391:1.00 2430:1.00 2457:1.00
t1437,mc10,0.000,,
t1438,mc10,0.000,,
t1439,mc10,0.000,,
t1440,mc10,1.000,ZERO-TAIL,2318:0.29 2331:1.00 2351:1.00 2391:1.00 2430:1.00 2457:1.00
t1441,mc10,1.000,ZERO-TAIL,2205:1.00 2232:1.00 2252:1.00 2291:1.00 2318:1.00 2331:1.00 2351:1.00 2391:1.00 2430:1.00 2457:1.00
t1082,mc11,0.000,,
t1083,mc11,0.000,,
t1084,mc11,0.000,,
t1085,mc11,0.000,,
t1086,mc11,0.000,,
t1087,mc11,0.000,,
t1088,mc11,0.000,,
t1089,mc11,0.000,,
t1090,mc11,0.000,,
t1154,mc11,0.000,,
t1155,mc11,0.000,,
t1156,mc11,0.000,,
t1157,mc11,0.000,,
t1158,mc11,0.000,,
t1159,mc11,0.000,,
t1160,mc11,0.000,,
t1161,mc11,0.000,,
t1162,mc11,0.000,,
t1226,mc11,0.000,,
t1227,mc11,0.000,,
t1228,mc11,0.000,,
t1229,mc11,0.000,,
t1230,mc11,0.000,,
t1231,mc11,0.000,,
t1232,mc11,0.000,,
t1233,mc11,0.000,,
t1234,mc11,0.000,,
t1298,mc11,0.000,,
t1299,mc11,0.000,,
t1300,mc11,0.000,,
t1301,mc11,0.000,,
t1302,mc11,0.000,,
t1303,mc11,0.000,,
t1304,mc11,0.000,,
t1305,mc11,0.000,,
t1306,mc11,0.000,,
t1370,mc11,0.000,,
t1371,mc11,0.000,,
t1372,mc11,0.000,,
t1373,mc11,0.000,,
t1374,mc11,0.000,,
t1375,mc11,0.000,,
t1376,mc11,0.000,,
t1377,mc11,0.000,,
t1378,mc11,0.000,,
t1442,mc11,0.000,,
t1443,mc11,0.000,,
t1444,mc11,1.000,ZERO-TAIL,2252:0.18 2291:1.00 2318:1.00 2331:1.00 2351:1.00 2391:1.00 2430:1.00 2457:1.00
t1445,mc11,0.000,,
t1446,mc11,0.000,,
t1447,mc11,0.000,,
t1448,mc11,0.000,,
t1449,mc11,0.000,,
t1450,mc11,0.000,,
t1019,mc12,0.000,,
t1020,mc12,0.000,,
t1021,mc12,0.000,,
t1022,mc12,0.000,,
t1023,mc12,0.000,,
t1024,mc12,0.000,,
t1025,mc12,0.000,,
t1026,mc12,0.000,,
t1027,mc12,0.000,,
t1091,mc12,0.000,,
t1092,mc12,0.000,,
t1093,mc12,0.000,,
t1094,mc12,0.000,,
t1095,mc12,0.000,,
t1096,mc12,0.000,,
t1097,mc12,0.000,,
t1098,mc12,0.000,,
t1099,mc12,0.000,,
t1163,mc12,1.000,ZERO-TAIL,2205:1.00 2232:1.00 2252:1.00 2291:1.00 2318:1.00 2331:1.00 2351:1.00 2391:1.00 2430:1.00 2457:1.00
t1164,mc12,0.000,,
t1165,mc12,0.000,,
t1166,mc12,0.000,,
t1167,mc12,0.000,,
t1168,mc12,0.000,,
t1169,mc12,0.000,,
t1170,mc12,0.000,,
t1171,mc12,0.000,,
t1235,mc12,0.000,,
t1236,mc12,0.000,,
t1237,mc12,0.000,,
t1238,mc12,0.000,,
t1239,mc12,0.000,,
t1240,mc12,0.000,,
t1241,mc12,0.000,,
t1242,mc12,0.000,,
t1243,mc12,0.000,,
t1307,mc12,0.000,,
t1308,mc12,0.000,,
t1309,mc12,0.000,,
t1310,mc12,0.000,,
t1311,mc12,0.000,,
t1312,mc12,0.000,,
t1313,mc12,0.000,,
t1314,mc12,0.000,,
t1315,mc12,0.000,,
t1379,mc12,0.000,,
t1380,mc12,0.000,,
t1381,mc12,0.000,,
t1382,mc12,0.000,,
t1383,mc12,0.000,,
t1384,mc12,0.000,,
t1385,mc12,0.000,,
t1386,mc12,0.000,,
t1387,mc12,0.000,,
t1028,mc13,0.000,,
t1029,mc13,0.000,,
t1030,mc13,0.000,,
t1031,mc13,0.000,,
t1032,mc13,0.000,,
t1033,mc13,0.000,,
t1034,mc13,0.000,,
t1035,mc13,0.000,,
t1036,mc13,0.000,,
t1100,mc13,0.000,,
t1101,mc13,0.000,,
t1102,mc13,0.000,,
t1103,mc13,0.000,,
t1104,mc13,0.000,,
t1105,mc13,0.000,,
t1106,mc13,0.000,,
t1107,mc13,0.000,,
t1108,mc13,0.000,,
t1172,mc13,0.000,,
t1173,mc13,0.000,,
t1174,mc13,0.000,,
t1175,mc13,0.000,,
t1176,mc13,0.000,,
t1177,mc13,0.000,,
t1178,mc13,0.000,,
t1179,mc13,0.000,,
t1180,mc13,0.000,,
t1244,mc13,0.000,,
t1245,mc13,0.000,,
t1246,mc13,0.000,,
t1247,mc13,0.000,,
t1248,mc13,0.000,,
t1249,mc13,0.000,,
t1250,mc13,0.000,,
t1251,mc13,0.000,,
t1252,mc13,0.000,,
t1316,mc13,0.000,,
t1317,mc13,0.000,,
t1318,mc13,0.000,,
t1319,mc13,0.000,,
t1320,mc13,0.000,,
t1321,mc13,0.000,,
t1322,mc13,0.000,,
t1323,mc13,0.000,,
t1324,mc13,0.000,,
t1388,mc13,0.000,,
t1389,mc13,0.000,,
t1390,mc13,0.000,,
t1391,mc13,0.000,,
t1392,mc13,0.000,,
t1393,mc13,0.000,,
t1394,mc13,0.000,,
t1395,mc13,0.000,,
t1396,mc13,0.000,,
t1037,mc14,0.000,,
t1038,mc14,0.000,,
t1039,mc14,0.000,,
t1040,mc14,0.000,,
t1041,mc14,0.000,,
t1042,mc14,0.000,,
t1043,mc14,0.000,,
t1044,mc14,0.000,,
t1045,mc14,0.000,,
t1109,mc14,0.000,,
t1110,mc14,0.000,,
t1111,mc14,0.000,,
t1112,mc14,0.000,,
t1113,mc14,0.000,,
t1114,mc14,0.000,,
t1115,mc14,0.000,,
t1116,mc14,0.000,,
t1117,mc14,0.000,,
t1181,mc14,0.000,,
t1182,mc14,0.000,,
t1183,mc14,0.000,,
t1184,mc14,0.000,,
t1185,mc14,0.000,,
t1186,mc14,0.000,,
t1187,mc14,0.000,,
t1188,mc14,0.000,,
t1189,mc14,0.000,,
t1253,mc14,0.000,,
t1254,mc14,0.000,,
t1255,mc14,0.000,,
t1256,mc14,0.000,,
t1257,mc14,0.000,,
t1258,mc14,0.000,,
t1259,mc14,0.000,,
t1260,mc14,0.000,,
t1261,mc14,0.000,,
t1325,mc14,0.000,,
t1326,mc14,0.000,,
t1327,mc14,0.000,,
t1328,mc14,0.000,,
t1329,mc14,0.000,,
t1330,mc14,0.000,,
t1331,mc14,0.000,,
t1332,mc14,0.000,,
t1333,mc14,0.000,,
t1397,mc14,0.000,,
t1398,mc14,0.000,,
t1399,mc14,0.000,,
t1400,mc14,0.000,,
t1401,mc14,0.000,,
t1402,mc14,0.000,,
t1403,mc14,0.000,,
t1404,mc14,0.000,,
t1405,mc14,0.000,,
t1046,mc15,0.000,,
t1047,mc15,0.000,,
t1048,mc15,0.000,,
t1049,mc15,0.000,,
t1050,mc15,0.000,,
t1051,mc15,0.000,,
t1052,mc15,0.000,,
t1053,mc15,0.000,,
t1054,mc15,0.000,,
t1118,mc15,0.000,,
t1119,mc15,0.000,,
t1120,mc15,0.000,,
t1121,mc15,0.000,,
t1122,mc15,0.000,,
t1123,mc15,0.000,,
t1124,mc15,0.000,,
t1125,mc15,0.000,,
t1126,mc15,0.000,,
t1190,mc15,0.000,,
t1191,mc15,0.000,,
t1192,mc15,0.000,,
t1193,mc15,0.000,,
t1194,mc15,0.000,,
t1195,mc15,0.000,,
t1196,mc15,0.000,,
t1197,mc15,0.000,,
t1198,mc15,0.000,,
t1262,mc15,0.000,,
t1263,mc15,0.000,,
t1264,mc15,0.000,,
t1265,mc15,0.000,,
t1266,mc15,0.000,,
t1267,mc15,0.000,,
t1268,mc15,0.000,,
t1269,mc15,0.000,,
t1270,mc15,0.000,,
t1334,mc15,0.000,,
t1335,mc15,0.000,,
t1336,mc15,0.000,,
t1337,mc15,0.000,,
t1338,mc15,0.000,,
t1339,mc15,0.000,,
t1340,mc15,0.000,,
t1341,mc15,0.000,,
t1342,mc15,0.000,,
t1406,mc15,0.000,,
t1407,mc15,0.000,,
t1408,mc15,0.000,,
t1409,mc15,0.000,,
t1410,mc15,0.000,,
t1411,mc15,0.000,,
t1412,mc15,0.000,,
t1413,mc15,0.000,,
t1414,mc15,0.000,,
t0623,mc16,0.000,,
t0624,mc16,0.000,,
t0625,mc16,0.000,,
t0626,mc16,0.000,,
t0627,mc16,0.000,,
t0628,mc16,0.000,,
t0629,mc16,0.000,,
t0630,mc16,0.000,,
t0631,mc16,0.000,,
t0695,mc16,0.000,,
t0696,mc16,0.000,,
t0697,mc16,0.000,,
t0698,mc16,0.000,,
t0699,mc16,0.000,,
t0700,mc16,0.000,,
t0701,mc16,0.000,,
t0702,mc16,0.000,,
t0703,mc16,0.000,,
t0767,mc16,0.000,,
t0768,mc16,0.000,,
t0769,mc16,0.000,,
t0770,mc16,0.000,,
t0771,mc16,1.000,ZERO-TAIL,2351:0.93 2391:1.00 2430:1.00 2457:1.00
t0772,mc16,0.000,,
t0773,mc16,0.000,,
t0774,mc16,0.000,,
t0775,mc16,0.000,,
t0839,mc16,0.000,,
t0840,mc16,0.000,,
t0841,mc16,0.000,,
t0842,mc16,0.000,,
t0843,mc16,0.000,,
t0844,mc16,0.000,,
t0845,mc16,0.000,,
t0846,mc16,0.000,,
t0847,mc16,1.000,ZERO-TAIL,2205:1.00 2232:1.00 2252:1.00 2291:1.00 2318:1.00 2331:1.00 2351:1.00 2391:1.00 2430:1.00 2457:1.00
t0911,mc16,0.000,,
t0912,mc16,0.000,,
t0913,mc16,0.000,,
t0914,mc16,0.000,,
t0915,mc16,0.000,,
t0916,mc16,0.000,,
t0917,mc16,0.021,,
t0918,mc16,0.000,,
t0919,mc16,0.000,,
t0983,mc16,0.000,,
t0984,mc16,0.000,,
t0985,mc16,0.000,,
t0986,mc16,0.000,,
t0987,mc16,0.000,,
t0988,mc16,0.000,,
t0989,mc16,0.000,,
t0990,mc16,0.000,,
t0991,mc16,0.000,,
t0632,mc17,0.000,,
t0633,mc17,0.000,,
t0634,mc17,0.000,,
t0635,mc17,0.000,,
t0636,mc17,0.000,,
t0637,mc17,0.000,,
t0638,mc17,0.000,,
t0639,mc17,0.000,,
t0640,mc17,0.000,,
t0704,mc17,0.000,,
t0705,mc17,0.000,,
t0706,mc17,0.000,,
t0707,mc17,0.000,,
t0708,mc17,0.000,,
t0709,mc17,0.000,,
t0710,mc17,0.000,,
t0711,mc17,0.000,,
t0712,mc17,0.000,,
t0776,mc17,0.000,,
t0777,mc17,0.000,,
t0778,mc17,0.000,,
t0779,mc17,0.000,,
t0780,mc17,0.000,,
t0781,mc17,0.000,,
t0782,mc17,0.000,,
t0783,mc17,0.000,,
t0784,mc17,0.000,,
t0848,mc17,0.000,,
t0849,mc17,0.000,,
t0850,mc17,0.000,,
t0851,mc17,0.000,,
t0852,mc17,0.000,,
t0853,mc17,0.000,,
t0854,mc17,0.000,,
t0855,mc17,0.000,,
t0856,mc17,0.000,,
t0920,mc17,0.000,,
t0921,mc17,0.000,,
t0922,mc17,0.000,,
t0923,mc17,0.000,,
t0924,mc17,0.000,,
t0925,mc17,0.000,,
t0926,mc17,0.000,,
t0927,mc17,0.000,,
t0928,mc17,0.000,,
t0992,mc17,0.000,,
t0993,mc17,0.000,,
t0994,mc17,0.000,,
t0995,mc17,0.000,,
t0996,mc17,0.000,,
t0997,mc17,0.000,,
t0998,mc17,0.000,,
t0999,mc17,0.000,,
t1000,mc17,0.000,,
t0641,mc18,0.000,,
t0642,mc18,0.000,,
t0643,mc18,0.000,,
t0644,mc18,0.000,,
t0645,mc18,0.000,,
t0646,mc18,0.000,,
t0647,mc18,0.000,,
t0648,mc18,0.000,,
t0649,mc18,0.000,,
t0713,mc18,0.000,,
t0714,mc18,0.000,,
t0715,mc18,0.000,,
t0716,mc18,0.000,,
t0717,mc18,0.000,,
t0718,mc18,0.000,,
t0719,mc18,0.000,,
t0720,mc18,0.000,,
t0721,mc18,0.000,,
t0785,mc18,0.000,,
t0786,mc18,0.000,,
t0787,mc18,0.000,,
t0788,mc18,0.000,,
t0789,mc18,0.000,,
t0790,mc18,0.000,,
t0791,mc18,0.000,,
t0792,mc18,0.000,,
t0793,mc18,0.000,,
t0857,mc18,0.000,,
t0858,mc18,0.000,,
t0859,mc18,0.000,,
t0860,mc18,0.000,,
t0861,mc18,0.000,,
t0862,mc18,0.000,,
t0863,mc18,0.000,,
t0864,mc18,0.000,,
t0865,mc18,0.000,,
t0929,mc18,0.000,,
t0930,mc18,0.000,,
t0931,mc18,0.000,,
t0932,mc18,0.000,,
t0933,mc18,0.000,,
t0934,mc18,0.000,,
t0935,mc18,0.000,,
t0936,mc18,0.000,,
t0937,mc18,0.000,,
t1001,mc18,0.000,,
t1002,mc18,0.000,,
t1003,mc18,0.000,,
t1004,mc18,0.000,,
t1005,mc18,0.000,,
t1006,mc18,0.000,,
t1007,mc18,0.000,,
t1008,mc18,0.000,,
t1009,mc18,0.000,,
t0650,mc19,0.000,,
t0651,mc19,0.000,,
t0652,mc19,0.000,,
t0653,mc19,0.000,,
t0654,mc19,0.000,,
t0655,mc19,0.000,,
t0656,mc19,0.000,,
t0657,mc19,0.000,,
t0658,mc19,0.000,,
t0722,mc19,0.000,,
t0723,mc19,0.000,,
t0724,mc19,0.000,,
t0725,mc19,0.000,,
t0726,mc19,0.000,,
t0727,mc19,0.000,,
t0728,mc19,0.000,,
t0729,mc19,0.000,,
t0730,mc19,0.000,,
t0794,mc19,0.000,,
t0795,mc19,0.000,,
t0796,mc19,0.000,,
t0797,mc19,0.000,,
t0798,mc19,0.000,,
t0799,mc19,0.000,,
t0800,mc19,0.000,,
t0801,mc19,0.000,,
t0802,mc19,0.000,,
t0866,mc19,0.000,,
t0867,mc19,0.000,,
t0868,mc19,0.000,,
t0869,mc19,0.000,,
t0870,mc19,1.000,ZERO-TAIL,2205:1.00 2232:1.00 2252:1.00 2291:1.00 2318:1.00 2331:1.00 2351:1.00 2391:1.00 2430:1.00 2457:1.00
t0871,mc19,0.000,,
t0872,mc19,0.000,,
t0873,mc19,0.000,,
t0874,mc19,0.000,,
t0938,mc19,0.000,,
t0939,mc19,0.000,,
t0940,mc19,0.000,,
t0941,mc19,0.000,,
t0942,mc19,0.000,,
t0943,mc19,0.000,,
t0944,mc19,0.000,,
t0945,mc19,0.000,,
t0946,mc19,0.000,,
t1010,mc19,0.000,,
t1011,mc19,0.000,,
t1012,mc19,0.000,,
t1013,mc19,0.000,,
t1014,mc19,0.000,,
t1015,mc19,0.000,,
t1016,mc19,1.000,ZERO-TAIL,2205:1.00 2232:1.00 2252:1.00 2291:1.00 2318:1.00 2331:1.00 2351:1.00 2391:1.00 2430:1.00 2457:1.00
t1017,mc19,0.000,,
t1018,mc19,0.000,,
t0587,mc20,0.000,,
t0588,mc20,0.000,,
t0589,mc20,0.000,,
t0590,mc20,0.000,,
t0591,mc20,0.000,,
t0592,mc20,0.000,,
t0593,mc20,0.000,,
t0594,mc20,0.000,,
t0595,mc20,0.000,,
t0659,mc20,0.000,,
t0660,mc20,0.000,,
t0661,mc20,0.000,,
t0662,mc20,0.000,,
t0663,mc20,0.000,,
t0664,mc20,0.000,,
t0665,mc20,0.000,,
t0666,mc20,0.000,,
t0667,mc20,0.000,,
t0731,mc20,0.000,,
t0732,mc20,0.000,,
t0733,mc20,0.000,,
t0734,mc20,0.000,,
t0735,mc20,0.000,,
t0736,mc20,1.000,ZERO-TAIL,2205:1.00 2232:1.00 2252:1.00 2291:1.00 2318:1.00 2331:1.00 2351:1.00 2391:1.00 2430:1.00 2457:1.00
t0737,mc20,0.000,,
t0738,mc20,0.000,,
t0739,mc20,0.000,,
t0803,mc20,0.000,,
t0804,mc20,0.000,,
t0805,mc20,0.000,,
t0806,mc20,0.000,,
t0807,mc20,0.000,,
t0808,mc20,0.000,,
t0809,mc20,0.000,,
t0810,mc20,0.000,,
t0811,mc20,0.000,,
t0875,mc20,0.000,,
t0876,mc20,0.000,,
t0877,mc20,0.000,,
t0878,mc20,0.000,,
t0879,mc20,0.000,,
t0880,mc20,0.000,,
t0881,mc20,0.000,,
t0882,mc20,0.000,,
t0883,mc20,0.000,,
t0947,mc20,0.000,,
t0948,mc20,0.000,,
t0949,mc20,0.000,,
t0950,mc20,0.000,,
t0951,mc20,0.000,,
t0952,mc20,0.000,,
t0953,mc20,0.000,,
t0954,mc20,0.000,,
t0955,mc20,0.000,,
t0596,mc21,0.000,,
t0597,mc21,0.000,,
t0598,mc21,0.000,,
t0599,mc21,0.000,,
t0600,mc21,0.000,,
t0601,mc21,0.000,,
t0602,mc21,0.000,,
t0603,mc21,0.000,,
t0604,mc21,0.000,,
t0668,mc21,0.000,,
t0669,mc21,0.000,,
t0670,mc21,0.000,,
t0671,mc21,0.000,,
t0672,mc21,0.000,,
t0673,mc21,0.000,,
t0674,mc21,0.000,,
t0675,mc21,0.000,,
t0676,mc21,0.000,,
t0740,mc21,0.000,,
t0741,mc21,0.000,,
t0742,mc21,0.000,,
t0743,mc21,0.000,,
t0744,mc21,0.000,,
t0745,mc21,1.000,ZERO-TAIL,2205:1.00 2232:1.00 2252:1.00 2291:1.00 2318:1.00 2331:1.00 2351:1.00 2391:1.00 2430:1.00 2457:1.00
t0746,mc21,0.000,,
t0747,mc21,0.000,,
t0748,mc21,0.000,,
t0812,mc21,0.000,,
t0813,mc21,0.000,,
t0814,mc21,0.000,,
t0815,mc21,0.000,,
t0816,mc21,0.000,,
t0817,mc21,0.000,,
t0818,mc21,0.000,,
t0819,mc21,0.000,,
t0820,mc21,0.000,,
t0884,mc21,0.000,,
t0885,mc21,0.000,,
t0886,mc21,0.000,,
t0887,mc21,0.000,,
t0888,mc21,0.000,,
t0889,mc21,0.000,,
t0890,mc21,0.000,,
t0891,mc21,0.000,,
t0892,mc21,0.000,,
t0956,mc21,0.000,,
t0957,mc21,0.000,,
t0958,mc21,0.000,,
t0959,mc21,0.000,,
t0960,mc21,0.000,,
t0961,mc21,0.000,,
t0962,mc21,0.000,,
t0963,mc21,0.000,,
t0964,mc21,0.000,,
t0605,mc22,0.000,,
t0606,mc22,0.000,,
t0607,mc22,0.000,,
t0608,mc22,0.000,,
t0609,mc22,0.000,,
t0610,mc22,0.000,,
t0611,mc22,0.000,,
t0612,mc22,0.000,,
t0613,mc22,0.000,,
t0677,mc22,0.000,,
t0678,mc22,0.000,,
t0679,mc22,0.000,,
t0680,mc22,0.000,,
t0681,mc22,0.000,,
t0682,mc22,0.000,,
t0683,mc22,0.000,,
t0684,mc22,0.000,,
t0685,mc22,0.000,,
t0749,mc22,0.000,,
t0750,mc22,0.000,,
t0751,mc22,0.000,,
t0752,mc22,0.000,,
t0753,mc22,0.000,,
t0754,mc22,0.000,,
t0755,mc22,0.000,,
t0756,mc22,0.000,,
t0757,mc22,0.000,,
t0821,mc22,0.000,,
t0822,mc22,0.000,,
t0823,mc22,0.000,,
t0824,mc22,0.000,,
t0825,mc22,0.000,,
t0826,mc22,0.000,,
t0827,mc22,0.000,,
t0828,mc22,0.000,,
t0829,mc22,0.000,,
t0893,mc22,0.000,,
t0894,mc22,0.000,,
t0895,mc22,0.000,,
t0896,mc22,0.000,,
t0897,mc22,0.000,,
t0898,mc22,0.000,,
t0899,mc22,0.000,,
t0900,mc22,0.000,,
t0901,mc22,0.000,,
t0965,mc22,0.000,,
t0966,mc22,0.000,,
t0967,mc22,0.000,,
t0968,mc22,0.000,,
t0969,mc22,0.000,,
t0970,mc22,0.000,,
t0971,mc22,0.000,,
t0972,mc22,0.000,,
t0973,mc22,0.000,,
t0614,mc23,0.000,,
t0615,mc23,0.000,,
t0616,mc23,0.000,,
t0617,mc23,0.000,,
t0618,mc23,0.000,,
t0619,mc23,0.000,,
t0620,mc23,0.000,,
t0621,mc23,0.000,,
t0622,mc23,0.000,,
t0686,mc23,0.000,,
t0687,mc23,0.000,,
t0688,mc23,0.000,,
t0689,mc23,0.000,,
t0690,mc23,0.000,,
t0691,mc23,0.000,,
t0692,mc23,0.000,,
t0693,mc23,0.000,,
t0694,mc23,0.000,,
t0758,mc23,0.000,,
t0759,mc23,0.000,,
t0760,mc23,0.000,,
t0761,mc23,0.000,,
t0762,mc23,0.000,,
t0763,mc23,0.000,,
t0764,mc23,0.000,,
t0765,mc23,0.000,,
t0766,mc23,0.000,,
t0830,mc23,0.000,,
t0831,mc23,0.000,,
t0832,mc23,0.000,,
t0833,mc23,0.000,,
t0834,mc23,0.000,,
t0835,mc23,0.000,,
t0836,mc23,0.000,,
t0837,mc23,0.000,,
t0838,mc23,0.000,,
t0902,mc23,0.000,,
t0903,mc23,0.000,,
t0904,mc23,0.000,,
t0905,mc23,1.000,ZERO-TAIL,2205:1.00 2232:1.00 2252:1.00 2291:1.00 2318:1.00 2331:1.00 2351:1.00 2391:1.00 2430:1.00 2457:1.00
t0906,mc23,0.000,,
t0907,mc23,0.000,,
t0908,mc23,0.000,,
t0909,mc23,0.000,,
t0910,mc23,0.000,,
t0974,mc23,0.000,,
t0975,mc23,0.000,,
t0976,mc23,1.000,ZERO-TAIL,2205:1.00 2232:1.00 2252:1.00 2291:1.00 2318:1.00 2331:1.00 2351:1.00 2391:1.00 2430:1.00 2457:1.00
t0977,mc23,0.000,,
t0978,mc23,0.000,,
t0979,mc23,0.000,,
t0980,mc23,0.000,,
t0981,mc23,0.000,,
t0982,mc23,0.000,,
t0164,mc24,0.000,,
t0165,mc24,0.000,,
t0166,mc24,0.000,,
t0167,mc24,0.000,,
t0168,mc24,0.000,,
t0169,mc24,0.000,,
t0170,mc24,0.000,,
t0171,mc24,0.000,,
t0172,mc24,0.000,,
t0218,mc24,0.000,,
t0219,mc24,0.000,,
t0220,mc24,0.000,,
t0221,mc24,0.000,,
t0222,mc24,0.000,,
t0223,mc24,0.000,,
t0224,mc24,0.000,,
t0225,mc24,0.000,,
t0226,mc24,0.000,,
t0272,mc24,0.000,,
t0273,mc24,0.000,,
t0274,mc24,0.000,,
t0275,mc24,0.000,,
t0276,mc24,0.000,,
t0277,mc24,0.000,,
t0278,mc24,0.000,,
t0279,mc24,0.000,,
t0280,mc24,0.000,,
t0335,mc24,0.000,,
t0336,mc24,0.000,,
t0337,mc24,0.000,,
t0338,mc24,0.000,,
t0339,mc24,0.000,,
t0340,mc24,0.000,,
t0341,mc24,0.000,,
t0342,mc24,0.000,,
t0343,mc24,0.000,,
t0344,mc24,0.000,,
t0345,mc24,0.000,,
t0346,mc24,0.000,,
t0407,mc24,0.000,,
t0408,mc24,0.000,,
t0409,mc24,0.000,,
t0410,mc24,0.000,,
t0411,mc24,0.000,,
t0412,mc24,1.000,ZERO-TAIL,2252:0.07 2291:1.00 2318:1.00 2331:1.00 2351:1.00 2391:1.00 2430:1.00 2457:1.00
t0413,mc24,0.000,,
t0414,mc24,0.000,,
t0415,mc24,0.000,,
t0416,mc24,0.000,,
t0417,mc24,0.000,,
t0418,mc24,0.000,,
t0479,mc24,0.000,,
t0480,mc24,0.000,,
t0481,mc24,0.000,,
t0482,mc24,0.000,,
t0483,mc24,0.000,,
t0484,mc24,0.000,,
t0485,mc24,0.000,,
t0486,mc24,0.000,,
t0487,mc24,0.000,,
t0488,mc24,0.000,,
t0489,mc24,0.000,,
t0490,mc24,0.000,,
t0551,mc24,0.000,,
t0552,mc24,0.000,,
t0553,mc24,0.000,,
t0554,mc24,0.000,,
t0555,mc24,0.000,,
t0556,mc24,0.000,,
t0557,mc24,0.000,,
t0558,mc24,0.000,,
t0559,mc24,0.000,,
t0560,mc24,0.000,,
t0561,mc24,0.000,,
t0562,mc24,0.000,,
t0173,mc25,0.000,,
t0174,mc25,0.000,,
t0175,mc25,0.000,,
t0176,mc25,0.000,,
t0177,mc25,0.000,,
t0178,mc25,0.000,,
t0179,mc25,0.000,,
t0180,mc25,0.000,,
t0181,mc25,0.000,,
t0227,mc25,0.000,,
t0228,mc25,0.000,,
t0229,mc25,0.000,,
t0230,mc25,1.000,ZERO-TAIL,2351:0.19 2391:1.00 2430:1.00 2457:1.00
t0231,mc25,0.000,,
t0232,mc25,0.000,,
t0233,mc25,0.000,,
t0234,mc25,0.000,,
t0235,mc25,0.000,,
t0281,mc25,0.000,,
t0282,mc25,0.000,,
t0283,mc25,0.000,,
t0284,mc25,0.000,,
t0285,mc25,0.000,,
t0286,mc25,0.000,,
t0287,mc25,0.000,,
t0288,mc25,0.000,,
t0289,mc25,0.000,,
t0347,mc25,0.000,,
t0348,mc25,0.000,,
t0349,mc25,0.000,,
t0350,mc25,0.000,,
t0351,mc25,0.000,,
t0352,mc25,0.000,,
t0353,mc25,0.000,,
t0354,mc25,0.000,,
t0355,mc25,0.000,,
t0356,mc25,0.000,,
t0357,mc25,0.000,,
t0358,mc25,0.000,,
t0419,mc25,0.000,,
t0420,mc25,0.000,,
t0421,mc25,0.000,,
t0422,mc25,0.000,,
t0423,mc25,0.000,,
t0424,mc25,0.000,,
t0425,mc25,0.000,,
t0426,mc25,0.000,,
t0427,mc25,0.000,,
t0428,mc25,0.000,,
t0429,mc25,0.000,,
t0430,mc25,0.000,,
t0491,mc25,0.000,,
t0492,mc25,0.000,,
t0493,mc25,0.000,,
t0494,mc25,0.000,,
t0495,mc25,0.000,,
t0496,mc25,0.000,,
t0497,mc25,0.000,,
t0498,mc25,0.000,,
t0499,mc25,0.000,,
t0500,mc25,0.000,,
t0501,mc25,0.000,,
t0502,mc25,0.000,,
t0563,mc25,0.000,,
t0564,mc25,0.000,,
t0565,mc25,0.000,,
t0566,mc25,0.000,,
t0567,mc25,0.000,,
t0568,mc25,0.000,,
t0569,mc25,0.000,,
t0570,mc25,0.000,,
t0571,mc25,0.000,,
t0572,mc25,0.000,,
t0573,mc25,0.000,,
t0574,mc25,0.000,,
t0182,mc26,0.000,,
t0183,mc26,0.000,,
t0184,mc26,0.000,,
t0185,mc26,0.000,,
t0186,mc26,0.000,,
t0187,mc26,0.000,,
t0188,mc26,0.000,,
t0189,mc26,0.000,,
t0190,mc26,0.000,,
t0236,mc26,0.000,,
t0237,mc26,0.000,,
t0238,mc26,0.000,,
t0239,mc26,0.000,,
t0240,mc26,0.000,,
t0241,mc26,0.000,,
t0242,mc26,0.000,,
t0243,mc26,0.000,,
t0244,mc26,0.000,,
t0290,mc26,0.000,,
t0291,mc26,0.000,,
t0292,mc26,0.000,,
t0293,mc26,0.000,,
t0294,mc26,0.000,,
t0295,mc26,0.000,,
t0296,mc26,0.000,,
t0297,mc26,0.000,,
t0298,mc26,0.000,,
t0359,mc26,0.000,,
t0360,mc26,1.000,ZERO-TAIL,2205:1.00 2232:1.00 2252:1.00 2291:1.00 2318:1.00 2331:1.00 2351:1.00 2391:1.00 2430:1.00 2457:1.00
t0361,mc26,0.000,,
t0362,mc26,0.000,,
t0363,mc26,0.000,,
t0364,mc26,0.000,,
t0365,mc26,0.000,,
t0366,mc26,0.000,,
t0367,mc26,0.000,,
t0368,mc26,0.000,,
t0369,mc26,0.000,,
t0370,mc26,0.000,,
t0431,mc26,0.000,,
t0432,mc26,0.000,,
t0433,mc26,0.000,,
t0434,mc26,0.000,,
t0435,mc26,0.000,,
t0436,mc26,0.000,,
t0437,mc26,0.000,,
t0438,mc26,0.000,,
t0439,mc26,0.000,,
t0440,mc26,0.000,,
t0441,mc26,0.000,,
t0442,mc26,0.000,,
t0503,mc26,0.000,,
t0504,mc26,0.000,,
t0505,mc26,0.000,,
t0506,mc26,0.000,,
t0507,mc26,0.000,,
t0508,mc26,0.000,,
t0509,mc26,0.000,,
t0510,mc26,0.000,,
t0511,mc26,0.000,,
t0512,mc26,0.000,,
t0513,mc26,0.000,,
t0514,mc26,0.000,,
t0575,mc26,0.000,,
t0576,mc26,0.000,,
t0577,mc26,0.000,,
t0578,mc26,0.000,,
t0579,mc26,0.000,,
t0580,mc26,0.000,,
t0581,mc26,0.000,,
t0582,mc26,0.000,,
t0583,mc26,0.000,,
t0584,mc26,0.000,,
t0585,mc26,0.000,,
t0586,mc26,0.000,,
t0137,mc27,0.000,,
t0138,mc27,0.000,,
t0139,mc27,0.000,,
t0140,mc27,0.000,,
t0141,mc27,0.000,,
t0142,mc27,0.000,,
t0143,mc27,0.000,,
t0144,mc27,0.000,,
t0145,mc27,0.000,,
t0191,mc27,0.000,,
t0192,mc27,0.000,,
t0193,mc27,0.000,,
t0194,mc27,0.000,,
t0195,mc27,0.000,,
t0196,mc27,0.000,,
t0197,mc27,0.000,,
t0198,mc27,0.000,,
t0199,mc27,0.000,,
t0245,mc27,0.000,,
t0246,mc27,0.000,,
t0247,mc27,0.000,,
t0248,mc27,0.000,,
t0249,mc27,0.000,,
t0250,mc27,0.000,,
t0251,mc27,0.000,,
t0252,mc27,0.000,,
t0253,mc27,0.000,,
t0299,mc27,0.000,,
t0300,mc27,0.000,,
t0301,mc27,0.000,,
t0302,mc27,0.000,,
t0303,mc27,0.000,,
t0304,mc27,0.000,,
t0305,mc27,0.000,,
t0306,mc27,0.000,,
t0307,mc27,0.000,,
t0308,mc27,0.000,,
t0309,mc27,0.000,,
t0310,mc27,0.000,,
t0371,mc27,0.000,,
t0372,mc27,0.000,,
t0373,mc27,0.000,,
t0374,mc27,0.000,,
t0375,mc27,0.000,,
t0376,mc27,0.000,,
t0377,mc27,0.000,,
t0378,mc27,0.000,,
t0379,mc27,0.000,,
t0380,mc27,0.000,,
t0381,mc27,0.000,,
t0382,mc27,0.000,,
t0443,mc27,0.000,,
t0444,mc27,0.000,,
t0445,mc27,0.000,,
t0446,mc27,1.000,ZERO-TAIL,2430:1.00 2457:1.00
t0447,mc27,0.000,,
t0448,mc27,0.000,,
t0449,mc27,0.000,,
t0450,mc27,0.000,,
t0451,mc27,0.000,,
t0452,mc27,0.000,,
t0453,mc27,0.000,,
t0454,mc27,0.000,,
t0515,mc27,0.000,,
t0516,mc27,0.000,,
t0517,mc27,0.000,,
t0518,mc27,0.000,,
t0519,mc27,0.000,,
t0520,mc27,0.000,,
t0521,mc27,0.000,,
t0522,mc27,0.000,,
t0523,mc27,0.000,,
t0524,mc27,0.000,,
t0525,mc27,0.000,,
t0526,mc27,0.000,,
t0146,mc28,0.000,,
t0147,mc28,0.000,,
t0148,mc28,0.000,,
t0149,mc28,0.000,,
t0150,mc28,0.000,,
t0151,mc28,0.000,,
t0152,mc28,0.000,,
t0153,mc28,0.000,,
t0154,mc28,0.000,,
t0200,mc28,0.000,,
t0201,mc28,0.000,,
t0202,mc28,0.000,,
t0203,mc28,0.000,,
t0204,mc28,0.000,,
t0205,mc28,0.000,,
t0206,mc28,0.000,,
t0207,mc28,0.000,,
t0208,mc28,0.000,,
t0254,mc28,0.000,,
t0255,mc28,1.000,ZERO-TAIL,2205:1.00 2232:1.00 2252:1.00 2291:1.00 2318:1.00 2331:1.00 2351:1.00 2391:1.00 2430:1.00 2457:1.00
t0256,mc28,0.000,,
t0257,mc28,0.000,,
t0258,mc28,0.000,,
t0259,mc28,0.000,,
t0260,mc28,0.000,,
t0261,mc28,0.000,,
t0262,mc28,0.000,,
t0311,mc28,0.000,,
t0312,mc28,0.000,,
t0313,mc28,0.000,,
t0314,mc28,0.000,,
t0315,mc28,0.000,,
t0316,mc28,0.000,,
t0317,mc28,0.000,,
t0318,mc28,0.000,,
t0319,mc28,0.000,,
t0320,mc28,0.000,,
t0321,mc28,0.000,,
t0322,mc28,0.000,,
t0383,mc28,0.000,,
t0384,mc28,0.000,,
t0385,mc28,0.000,,
t0386,mc28,0.000,,
t0387,mc28,0.000,,
t0388,mc28,0.000,,
t0389,mc28,0.000,,
t0390,mc28,0.000,,
t0391,mc28,0.000,,
t0392,mc28,0.000,,
t0393,mc28,0.000,,
t0394,mc28,0.000,,
t0455,mc28,0.000,,
t0456,mc28,0.000,,
t0457,mc28,0.000,,
t0458,mc28,0.000,,
t0459,mc28,0.000,,
t0460,mc28,0.000,,
t0461,mc28,0.000,,
t0462,mc28,0.000,,
t0463,mc28,0.000,,
t0464,mc28,0.000,,
t0465,mc28,0.000,,
t0466,mc28,0.000,,
t0527,mc28,0.000,,
t0528,mc28,0.000,,
t0529,mc28,0.000,,
t0530,mc28,0.000,,
t0531,mc28,0.000,,
t0532,mc28,0.000,,
t0533,mc28,0.000,,
t0534,mc28,0.000,,
t0535,mc28,0.000,,
t0536,mc28,0.000,,
t0537,mc28,0.000,,
t0538,mc28,0.000,,
t0155,mc29,0.000,,
t0156,mc29,0.000,,
t0157,mc29,0.000,,
t0158,mc29,0.000,,
t0159,mc29,0.000,,
t0160,mc29,0.000,,
t0161,mc29,0.000,,
t0162,mc29,0.000,,
t0163,mc29,0.000,,
t0209,mc29,0.000,,
t0210,mc29,0.000,,
t0211,mc29,0.000,,
t0212,mc29,0.000,,
t0213,mc29,1.000,ZERO-TAIL,2205:1.00 2232:1.00 2252:1.00 2291:1.00 2318:1.00 2331:1.00 2351:1.00 2391:1.00 2430:1.00 2457:1.00
t0214,mc29,0.000,,
t0215,mc29,0.000,,
t0216,mc29,0.000,,
t0217,mc29,0.000,,
t0263,mc29,0.000,,
t0264,mc29,0.000,,
t0265,mc29,0.000,,
t0266,mc29,0.000,,
t0267,mc29,0.000,,
t0268,mc29,0.000,,
t0269,mc29,0.000,,
t0270,mc29,0.000,,
t0271,mc29,0.000,,
t0323,mc29,0.000,,
t0324,mc29,0.000,,
t0325,mc29,0.000,,
t0326,mc29,0.000,,
t0327,mc29,0.000,,
t0328,mc29,0.000,,
t0329,mc29,0.000,,
t0330,mc29,0.000,,
t0331,mc29,0.000,,
t0332,mc29,0.000,,
t0333,mc29,0.000,,
t0334,mc29,0.000,,
t0395,mc29,0.000,,
t0396,mc29,0.000,,
t0397,mc29,0.000,,
t0398,mc29,0.000,,
t0399,mc29,0.000,,
t0400,mc29,0.000,,
t0401,mc29,0.000,,
t0402,mc29,0.000,,
t0403,mc29,0.000,,
t0404,mc29,0.000,,
t0405,mc29,1.000,ZERO-TAIL,2205:0.42 2232:1.00 2252:1.00 2291:1.00 2318:1.00 2331:1.00 2351:1.00 2391:1.00 2430:1.00 2457:1.00
t0406,mc29,0.000,,
t0467,mc29,0.000,,
t0468,mc29,0.000,,
t0469,mc29,0.000,,
t0470,mc29,0.000,,
t0471,mc29,0.000,,
t0472,mc29,0.000,,
t0473,mc29,0.000,,
t0474,mc29,0.000,,
t0475,mc29,0.000,,
t0476,mc29,0.000,,
t0477,mc29,0.000,,
t0478,mc29,0.000,,
t0539,mc29,0.000,,
t0540,mc29,0.000,,
t0541,mc29,0.000,,
t0542,mc29,0.000,,
t0543,mc29,0.000,,
t0544,mc29,0.000,,
t0545,mc29,0.000,,
t0546,mc29,0.000,,
t0547,mc29,0.000,,
t0548,mc29,0.000,,
t0549,mc29,0.000,,
t0550,mc29,0.000,,
t0101,mc30,0.000,,
t0102,mc30,0.000,,
t0103,mc30,0.000,,
t0104,mc30,0.000,,
t0105,mc30,0.000,,
t0106,mc30,0.000,,
t0107,mc30,0.000,,
t0108,mc30,0.000,,
t0109,mc30,0.000,,
t0110,mc30,0.000,,
t0111,mc30,0.000,,
t0112,mc30,0.000,,
t0113,mc30,0.000,,
t0114,mc30,0.000,,
t0115,mc30,0.000,,
t0116,mc30,0.000,,
t0117,mc30,0.000,,
t0118,mc30,0.000,,
t0119,mc30,0.000,,
t0120,mc30,0.000,,
t0121,mc30,0.000,,
t0122,mc30,0.000,,
t0123,mc30,0.000,,
t0124,mc30,0.000,,
t0125,mc30,0.000,,
t0126,mc30,0.000,,
t0127,mc30,0.000,,
t0128,mc30,0.000,,
t0129,mc30,0.000,,
t0130,mc30,0.000,,
t0131,mc30,0.000,,
t0132,mc30,0.000,,
t0133,mc30,0.000,,
t0134,mc30,0.000,,
t0135,mc30,0.000,,
t0136,mc30,0.000,,
