tile,polygon,old_category,new_label,d2um
T0433,247,Type 2 olivine (High),olivine + hcp,0.0432807779478561
T0434,206,Type 2 olivine (High),olivine + hcp (moderate) ,0.0373202061644093
T0433,249,alteration + olivine (Low),olivine + hcp (Low),0.0367023449867388
T0433,251,Type 2 olivine (Low),olivine + hcp (Low),0.0344626656836919
T0434,204,alteration + olivine (Low),olivine + hcp (moderate),0.0326329553310265
T0578,12,Type 2 olivine (High),olivine + hcp (High),0.0307659675569829
T0685,2,olivine (High),olivine + hcp (High),0.0287096106604617
T0435,389,Type 2 olivine (High),olivine + hcp (High),0.0273410860430701
T0503,23,alteration + olivine (Low),olivine + hcp (moderate),0.0269845710030641
T0503,16,Type 2 olivine (Moderate),olivine + hcp (Moderate),0.0267195281286022
T0579,11,Type 1 olivine (High),olivine + hcp (moderate),0.0258939526626015
T0433,351,Type 2 olivine (High),olivine + hcp (High),0.0255251784996113
T0432,35,Type 2 olivine (High),olivine + hcp (High),0.0253723648439992
T0503,21,Type 1 olivine (High),olivine + hcp (low),0.0253144201781839
T0435,307,Type 2 olivine (High),olivine + hcp (High),0.0247863070093896
T0818,9,olivine (High),olivine + hcp (moderate),0.0245292238629093
T0432,26,alteration + olivine (Low),olivine + hcp + alteration (Low),0.0244547827676178
T0433,225,Type 2 olivine (Moderate),olivine + hcp (low),0.0242271196487492
T0435,111,Type 2 olivine (Moderate),olivine + hcp (Moderate),0.0239519921672767
T0431,14,Type 2 olivine (Moderate),olivine + hcp (Moderate),0.0237940140374842
T0435,387,Type 2 olivine (Low),olivine + hcp (moderate),0.0237835595396297
T0431,27,Type 2 olivine (High),olivine + hcp (moderate),0.0233745716862674
T0578,16,Type 2 olivine (Moderate),olivine (Moderate),0.0231770076794005
T0503,25,Type 1 olivine (High),olivine + hcp (moderate),0.0231722850823834
T0433,353,Type 2 olivine (High),olivine + hcp (High),0.0230650450589962
T0433,381,Type 2 olivine (Low),olivine + hcp (Low),0.0228514303788145
T0433,371,alteration + olivine (Low),olivine + hcp + alteration (Low),0.0227734655941053
T0503,27,Type 2 olivine (High),olivine + hcp (low),0.0224987122270043
T0503,17,Type 1 olivine (Moderate),olivine + hcp (Moderate),0.0224845537725981
T0503,9,Type 2 olivine (High),olivine + hcp (moderate),0.0224791288930866
T0432,4,Type 2 olivine (High),olivine + hcp (moderate),0.022445545062423
T0433,111,Type 1 olivine (High),olivine + hcp (High),0.0223879677978594
T0433,339,Type 2 olivine (High),olivine + hcp (High),0.0223176152920451
T0503,11,Type 1 olivine (High),olivine + hcp (moderate),0.0222933215574491
T0435,446,Type 1 olivine (Moderate),olivine + hcp (Moderate),0.0221359977990004
T0433,387,Type 1 olivine (Low),olivine + hcp (moderate),0.0218943886936794
T0433,108,Type 1 olivine (High),olivine + hcp (High),0.0218424488611163
T0435,271,Type 2 olivine (High),olivine + hcp (High),0.0216314275869061
T0503,3,alteration + olivine (Low),olivine + hcp (high),0.02154428060845
T0432,63,Type 2 olivine (High),olivine + hcp (High),0.0215432302600601
T0433,365,Type 1 olivine (High),olivine + hcp (moderate),0.0214576280420267
T0433,275,Type 2 olivine (High),olivine + hcp (High),0.0214561710052022
T0503,5,Type 1 olivine (High),olivine + hcp (moderate),0.021413006589307
T0433,341,Type 2 olivine (Moderate),olivine + hcp (high),0.021341936435368
T0432,48,alteration + olivine (Low),alteration + olivine (Low),0.0212793716334181
T0818,5,olivine (High),olivine + hcp (moderate),0.0212793045060558
T0435,458,Type 1 olivine (Moderate),olivine + hcp (Moderate),0.0211010903085701
T0685,8,olivine (High),olivine + hcp (High),0.0210853092089152
T0364,187,Type 1 olivine (High),olivine + hcp (High),0.02092605785026
T0436,73,Type 1 olivine (High),olivine + hcp (High),0.0208997147427749
T0433,109,Type 1 olivine (High),olivine + hcp (High),0.0208750341853833
T0435,105,Type 2 olivine (High),olivine + hcp (High),0.0208670254518608
T0504,56,Type 2 olivine (Low),olivine + hcp (Low),0.0208435617168161
T0433,203,alteration + olivine (Low),olivine + hcp + alteration (moderate),0.0208109253253773
T0433,99,Type 1 olivine (High),olivine + hcp (High),0.0207804875446631
T0822,0,olivine (High),olivine + hcp (High),0.0207378400310881
T0818,7,olivine (High),olivine + hcp (High),0.0206990718712134
T0435,10,Type 1 olivine (Moderate),olivine + hcp (low),0.0206793958394836
T0507,46,Type 2 olivine (High),olivine + hcp (moderate),0.0205942664276791
T0290,57,Type 2 olivine (Moderate),olivine + hcp (Moderate),0.0205495820598068
T0504,102,Type 1 olivine (High),olivine + hcp (High),0.020539400194053
T0503,7,Type 2 olivine (High),olivine + hcp (low),0.0203667407022392
T0435,433,alteration + olivine (Low),olivine + hcp (Low),0.0203264909908066
T0434,190,Type 1 olivine (Moderate),olivine + hcp (low),0.0202931444391933
T0504,122,Type 1 olivine (High),olivine + hcp (low),0.0202081108285567
T0364,191,Type 2 olivine (High),olivine + hcp (moderate),0.0201733253683525
T0435,135,Type 2 olivine (Moderate),olivine + hcp (Moderate),0.0201239841452142
T0433,419,Type 1 olivine (High),olivine + hcp (moderate),0.0200643759003443
T0433,129,alteration + olivine (Low),alteration + olivine (Low),0.0200423776459922
T0435,413,Type 1 olivine (Moderate),olivine + hcp (Moderate),0.0200033196862484
T0818,3,olivine (High),olivine (High),0.0200022916470771
T0433,201,Type 2 olivine (High),olivine + hcp (High),0.019903206937563
T0503,47,Type 2 olivine (High),olivine + hcp (moderate),0.0197400717484641
T0434,42,Type 1 olivine (High),olivine + hcp (High),0.0197293536688847
T0435,195,Type 1 olivine (High),olivine + hcp (High),0.0197071795399162
T0579,71,Type 2 olivine (High),olivine + hcp (High),0.0196559164379613
T0433,94,Type 1 olivine (High),olivine + hcp (High),0.0196498686282762
T0434,176,Type 1 olivine (High),olivine + hcp (High),0.0194360482393676
T0363,2,alteration + olivine (Low),olivine + hcp + alteration (Low),0.0194294372358607
T0431,1,Type 2 olivine (High),olivine + hcp (High),0.0194006174746169
T0505,42,Type 1 olivine (High),olivine + hcp (High),0.0193788547949677
T0359,8,Type 1 olivine (High),olivine + hcp (low),0.0193524293510625
T0432,45,alteration + olivine (Low),olivine + hcp + alteration (moderate),0.0192991337788622
T0507,32,Type 2 olivine (High),olivine + hcp (High),0.0192792041698223
T0432,43,alteration + olivine (Low),alteration + olivine (Low),0.01919820335703
T0818,2,olivine (High),olivine + hcp (moderate),0.0191741555298143
T0506,8,Type 2 olivine (High),olivine (moderate),0.0191191138578832
T0505,2,Type 2 olivine (High),olivine + hcp (moderate),0.0190905724889876
T0433,165,Type 2 olivine (High),olivine + hcp (moderate),0.019082728452985
T0508,32,Type 1 olivine (Low),Type 1 olivine (Low),0.0190295549805492
T0435,351,Type 1 olivine (High),olivine + hcp (High),0.0189968099374844
T0503,14,Type 2 olivine (High),Type 2 olivine (low),0.0189508813514198
T0363,66,Type 2 olivine (High),olivine + hcp (High),0.0189324385491513
T0363,70,Type 2 olivine (High),olivine + hcp (High),0.0188932984461352
T0433,211,Type 2 olivine (High),olivine + hcp (High),0.0188481921490264
T0503,0,Type 1 olivine (High),olivine + hcp (moderate),0.0188297550678284
T0433,401,olivine + spinel (Moderate),olivine + hcp (high),0.0187918942657777
T0434,18,Type 2 olivine (High),olivine + hcp (High),0.0187642540507778
T0433,116,Type 1 olivine (High),olivine + hcp (High),0.0187152060141965
T0435,113,Type 1 olivine (High),olivine + hcp (low),0.0186729664829262
T0434,142,Type 1 olivine (High),olivine + hcp (low),0.0185295559370421
T0435,20,Type 1 olivine (High),olivine + hcp (High),0.0185033067245484
T0503,35,Type 2 olivine (High),olivine + hcp (low),0.0184921829886016
T0363,89,Type 1 olivine (High),olivine + hcp (moderate),0.0184775170613489
T0432,19,Type 1 olivine (High),olivine + hcp (High),0.018408119608096
T0433,217,Type 2 olivine (High),olivine + hcp (High),0.0183074099173826
T0435,431,Type 1 olivine (High),olivine + hcp (High),0.0182565021031199
T0434,178,Type 1 olivine (High),olivine + hcp (High),0.0182413712236342
T0504,86,Type 2 olivine (High),olivine + hcp (moderate),0.0182338580782176
T0503,49,Type 2 olivine (High),olivine + hcp (low),0.0182178141977966
T0434,198,Type 2 olivine (High),olivine + hcp (high),0.0180871221848554
T0433,263,Type 1 olivine (High),olivine + hcp (low),0.018086690558638
T0505,44,Type 2 olivine (High),olivine + hcp (moderate),0.0180345796265398
T0432,46,alteration + olivine (Low),olivine + hcp + alteration (moderate),0.017996728316513
T0435,85,Type 1 olivine (High),olivine + hcp (high),0.0179950085941262
T0434,44,Type 1 olivine (High),Type 1 olivine (High),0.017990104038711
T0364,127,Type 1 olivine (High),olivine + hcp (High),0.01790429099345
T0504,4,Type 2 olivine (High),olivine + hcp (moderate),0.0178920258418794
T0433,335,Type 1 olivine (Moderate),olivine + hcp (high),0.0178763736091355
T0506,52,Type 2 olivine (High),olivine + hcp (High),0.0178614439132397
T0433,60,Type 2 olivine (High),olivine + hcp (High),0.0177223637398553
T0435,393,Type 1 olivine (High),olivine + hcp (High),0.017708228339593
T0433,233,Type 2 olivine (High),olivine + hcp (moderate),0.0176684632278195
T0504,84,Type 1 olivine (High),olivine + hcp (moderate),0.0176602950982553
T0433,259,Type 2 olivine (High),olivine + hcp (High),0.0175964542929257
T0508,26,Type 1 olivine (Low),olivine + hcp (Low),0.017531809902365
T0580,9,Type 2 olivine (Moderate),olivine + hcp (low),0.0175246244510653
T0433,37,Type 1 olivine (Moderate),olivine + hcp (Moderate),0.0174609276639302
T0504,100,Type 2 olivine (High),olivine + hcp (low),0.0174551556195222
T0435,391,Type 2 olivine (Moderate),olivine + hcp (Moderate),0.0174311702218847
T0432,32,alteration + olivine (Low),olivine + hcp + alteration (Low),0.0173833649945858
T0503,29,Type 2 olivine (High),Type 2 olivine (High),0.0173785252312658
T0433,44,Type 2 olivine (High),olivine + hcp (High),0.0172250097290933
T0580,8,Type 2 olivine (Low),Type 2 olivine (Low),0.0172149472596335
T0433,36,Type 1 olivine (High),olivine + hcp (High),0.0172095044977478
T0579,0,Type 2 olivine (High),olivine + hcp (moderate),0.0172007580062677
T0507,56,alteration + olivine (Low),olivine + hcp + alteration (Low),0.0171960735663502
T0434,168,Type 2 olivine (High),olivine + hcp (moderate),0.0171893948086023
T0504,88,Type 1 olivine (High),olivine + hcp (moderate),0.0171840196098117
T0433,345,Type 1 olivine (Low),olivine + hcp (Low),0.0171144266855569
T0577,2,Type 1 olivine (Moderate),Type 1 olivine (Moderate),0.0170901703809099
T0435,6,Type 1 olivine (High),Type 1 olivine (High),0.0170610390825772
T0433,84,Type 1 olivine (High),olivine + hcp (High),0.0170399510220733
T0504,124,Type 2 olivine (High),olivine + hcp (High),0.0170063876938085
T0503,31,Type 2 olivine (High),Type 2 olivine (High),0.0169984867943188
T0436,16,Type 2 olivine (High),olivine + hcp (High),0.0169843089005394
T0433,257,Type 2 olivine (High),olivine + hcp (High),0.0169806665930569
T0435,109,Type 1 olivine (High),olivine + hcp (High),0.0169783976914984
T0504,6,Type 1 olivine (High),olivine + hcp (High),0.0169703459209552
T0437,54,Type 2 olivine (High),olivine + hcp (High),0.0168956392182466
T0359,17,Type 1 olivine (Moderate),olivine + hcp (Moderate),0.0168872893530528
T0436,151,Type 2 olivine (High),olivine + hcp (High),0.0168295487103987
T0434,192,Type 1 olivine (Moderate),Type 1 olivine (Moderate),0.0168277882295085
T0579,21,alteration + olivine (Low),olivine + hcp + alteration (moderate),0.016781116050915
T0506,54,Type 2 olivine (High),olivine + hcp (High),0.0166460654333882
T0435,41,Type 1 olivine (High),olivine + hcp (High),0.0166105873950225
T0433,301,Type 1 olivine (Low),olivine + hcp (Low),0.016594168815771
T0431,25,Type 2 olivine (High),olivine + hcp (moderate),0.0165815251963145
T0577,4,Type 2 olivine (High),olivine + hcp (moderate),0.0165620518916352
T0434,116,Type 2 olivine (High),olivine + hcp (High),0.0165381450537484
T0503,37,Type 2 olivine (High),olivine + hcp (High),0.0165241650511954
T0290,59,Type 2 olivine (Moderate),olivine + hcp (Moderate),0.0164360132515024
T0503,2,Type 1 olivine (High),Type 1 olivine (High),0.0164133704696499
T0361,28,Type 1 olivine (High),Type 1 olivine (High),0.0163914229652114
T0434,14,alteration + olivine (Low),olivine + hcp + alteration (Low),0.0163776208592095
T0290,82,Type 2 olivine (Moderate),olivine + hcp (Moderate),0.0163760606344319
T0433,95,Type 1 olivine (High),olivine + hcp (High),0.0163488650868345
T0432,95,alteration + olivine (Low),alteration + olivine (Low),0.0163335458878198
T0435,337,Type 1 olivine (High),Type 1 olivine (High),0.0162240906279984
T0818,17,olivine (High),olivine + hcp (High),0.016208185836113
T0433,34,alteration + olivine (Low),olivine + hcp + alteration (low),0.0162057578059886
T0434,16,Type 1 olivine (High),olivine + hcp (low),0.0162028552398968
T0434,60,Type 2 olivine (High),olivine + hcp (moderate),0.01616027963594
T0435,131,Type 1 olivine (High),Type 1 olivine (High),0.0161289657921342
T0433,231,Type 2 olivine (High),Type 2 olivine (High),0.0161225734362656
T0290,64,alteration + olivine (Low),olivine + hcp + alteration (moderate),0.0161092256025227
T0432,39,Type 2 olivine (High),olivine + hcp (High),0.0161078281758736
T0505,32,alteration + olivine (Low),alteration + olivine (Low),0.0160912459593199
T0432,18,Type 2 olivine (High),olivine + hcp (moderate),0.0160667858676875
T0432,22,alteration + olivine (Low),alteration + olivine (Low),0.0159977430737511
T0435,450,Type 2 olivine (High),olivine + hcp (moderate),0.0159918089037979
T0435,359,Type 1 olivine (High),Type 1 olivine (High),0.0159770499239981
T0503,43,Type 1 olivine (High),Type 1 olivine (High),0.0159693359493628
T0435,133,Type 1 olivine (High),Type 1 olivine (High),0.0159560684015933
T0504,0,Type 2 olivine (High),olivine + hcp (moderate),0.0159267980357247
T0432,47,alteration + olivine (Low),alteration + olivine (Low),0.0159266377021091
T0435,197,Type 1 olivine (High),Type 1 olivine (High),0.0159230966181606
T0505,14,Type 2 olivine (High),Type 2 olivine (High),0.0158873183870261
T0433,369,Type 1 olivine (High),olivine + hcp (High),0.0158586450111289
T0435,93,Type 2 olivine (High),olivine + hcp (moderate),0.0158516768935819
T0433,14,Type 2 olivine (High),olivine + hcp (moderate),0.0158230177385958
T0433,1,Type 1 olivine (High),olivine + hcp (moderate),0.0157960498364768
T0432,99,Type 2 olivine (Low),Type 2 olivine (Low),0.0157909833115424
T0435,187,Type 2 olivine (High),olivine + hcp (moderate),0.0157879643976406
T0507,54,Type 2 olivine (High),Type 2 olivine (High),0.0157855095547937
T0577,0,Type 1 olivine (High),Type 1 olivine (High),0.0157829123458107
T0504,12,Type 2 olivine (High),Type 2 olivine (High),0.015779205891753
T0363,45,Type 2 olivine (High),Type 2 olivine (High),0.0157770107805369
T0685,4,olivine (High),olivine + hcp (low),0.0157600774776115
T0290,38,alteration + olivine (Low),olivine + hcp + alteration (moderate),0.0156740590204198
T0432,23,alteration + olivine (Low),olivine + hcp + alteration (low),0.0156657433889857
T0433,66,Type 1 olivine (High),Type 1 olivine (High),0.0156516429986001
T0503,8,Type 2 olivine (High),olivine + hcp (moderate),0.0156408595253181
T0435,460,Type 2 olivine (Moderate),olivine + hcp (Moderate),0.0156312940076855
T0505,6,alteration + olivine (Low),olivine + hcp + alteration (Low),0.0156130438567519
T0504,104,Type 2 olivine (High),olivine + hcp (low),0.0155855204415001
T0432,33,alteration + olivine (Low),olivine + hcp + alteration (Low),0.0155571233289473
T0435,221,Type 1 olivine (High),olivine + hcp (moderate),0.0154832244031378
T0433,265,Type 1 olivine (Moderate),olivine + hcp (low),0.0154483840959389
T0434,12,Type 2 olivine (High),Type 2 olivine (High),0.0154357938787883
T0432,29,Type 2 olivine (Moderate),Type 2 olivine (Moderate),0.0153802860860365
T0504,2,Type 2 olivine (High),olivine + hcp (low),0.0153800083195823
T0434,38,Type 2 olivine (High),olivine + hcp (low),0.0153260746336936
T0433,3,Type 2 olivine (High),Type 2 olivine (High),0.015287068788287
T0433,117,Type 1 olivine (High),Type 1 olivine (High),0.0152794742444291
T0433,223,Type 2 olivine (High),Type 2 olivine (High),0.0152786970370517
T0432,37,Type 2 olivine (High),Type 2 olivine (High),0.0152176829292834
T0506,10,Type 2 olivine (Moderate),Type 2 olivine (low),0.0151697954205272
T0433,333,Type 1 olivine (Moderate),olivine + hcp (low),0.0151432944432504
T0363,0,alteration + olivine (Low),alteration + olivine (Low),0.0151109781105377
T0364,211,Type 1 olivine (High),Type 1 olivine (High),0.0150883649479797
T0360,25,Type 2 olivine (Moderate),Type 2 olivine (Moderate),0.0150071768841566
T0505,96,Type 2 olivine (High),Type 2 olivine (High),0.0150024802717971
T0435,321,Type 2 olivine (High),Type 2 olivine (High),0.0149791566007481
T0435,43,Type 1 olivine (High),Type 1 olivine (High),0.0149632222291274
T0433,359,Type 2 olivine (High),Type 2 olivine (High),0.0148768492731123
T0360,24,Type 2 olivine (Low),Type 2 olivine (Low),0.014844428414613
T0433,8,Type 1 olivine (High),Type 1 olivine (High),0.0148143501483613
T0504,24,alteration + olivine (Low),alteration + olivine (Low),0.0147817163997797
T0290,91,Type 1 olivine (High),Type 1 olivine (High),0.0147092733517701
T0360,13,Type 2 olivine (Low),Type 2 olivine (Low),0.0146831256381676
T0433,239,Type 2 olivine (High),Type 2 olivine (High),0.014649262337296
T0506,68,Type 2 olivine (High),olivine + hcp (low),0.0146483748093315
T0433,12,Type 2 olivine (High),Type 2 olivine (High),0.0146474197173283
T0361,30,Type 1 olivine (Moderate),Type 1 olivine (Moderate),0.014581169668552
T0435,115,Type 2 olivine (Low),olivine + hcp (Low),0.0145233380103713
T0508,4,Type 1 olivine (High),Type 1 olivine (High),0.0145231613463003
T0359,30,Type 1 olivine (Low),Type 1 olivine (Low),0.0145187890522618
T0433,4,Type 1 olivine (High),Type 1 olivine (High),0.0145102497869539
T0507,18,Type 2 olivine (High),Type 2 olivine (High),0.0144812192673883
T0432,10,alteration + olivine (Low),alteration + olivine (Low),0.0144626626946088
T0432,97,Type 2 olivine (Low),Type 2 olivine (Low),0.0144624564985166
T0505,98,Type 2 olivine (High),Type 2 olivine (High),0.0143948459001332
T0886,0,olivine (High),olivine (High),0.0143906667796811
T0507,40,Type 2 olivine (High),Type 2 olivine (High),0.0143705802845188
T0435,47,Type 1 olivine (High),Type 1 olivine (High),0.0143683976701344
T0504,10,Type 2 olivine (High),Type 2 olivine (High),0.0143616927242627
T0433,13,Type 2 olivine (High),Type 2 olivine (High),0.0143567329496989
T0504,106,alteration + olivine (Low),alteration + olivine (Low),0.0143323053674351
T0433,255,Type 2 olivine (High),Type 2 olivine (High),0.0143268798814254
T0433,25,alteration + olivine (Low),alteration + olivine (Low),0.0143044703243158
T0505,16,Type 1 olivine (High),Type 1 olivine (High),0.0142924152995087
T0433,65,Type 2 olivine (High),olivine + hcp (low),0.0142705858097144
T0435,69,Type 1 olivine (High),Type 1 olivine (High),0.0142574874229469
T0433,136,Type 1 olivine (High),olivine + hcp (low),0.0142267001280522
T0432,49,Type 2 olivine (High),olivine + hcp (low),0.01419907527361
T0435,45,Type 1 olivine (High),Type 1 olivine (High),0.0141704668419272
T0435,395,Type 1 olivine (High),Type 1 olivine (High),0.014112922219139
T0434,34,Type 1 olivine (High),Type 1 olivine (High),0.0140967991176463
T0504,20,alteration + olivine (Low),alteration + olivine (Low),0.0140402509580063
T0432,44,alteration + olivine (Low),alteration + olivine (Low),0.0139730548001116
T0435,203,Type 2 olivine (High),olivine + hcp (low),0.0139339572424228
T0432,79,Type 1 olivine (High),olivine + hcp (low),0.0138988896100975
T0435,155,Type 1 olivine (High),Type 1 olivine (High),0.0138570956533066
T0237,11,Type 1 olivine (High),Type 1 olivine (High),0.0137911364439388
T0505,80,Type 2 olivine (High),Type 2 olivine (low),0.0137080996884724
T0507,34,Type 2 olivine (High),olivine + hcp (low),0.0137075958106258
T0434,126,Type 1 olivine (High),Type 1 olivine (High),0.0137056849804896
T0505,12,Type 1 olivine (High),Type 1 olivine (High),0.0137041917814217
T0435,107,Type 2 olivine (High),olivine + hcp (low),0.0137039708685766
T0433,191,Type 2 olivine (High),olivine + hcp (low),0.0136848515220305
T0435,87,Type 2 olivine (Low),Type 2 olivine (Low),0.0136676082319849
T0432,77,Type 2 olivine (Moderate),olivine + hcp (low),0.0136598823924719
T0433,215,Type 2 olivine (High),olivine + hcp (low),0.0136538070131523
T0434,98,Type 2 olivine (High),olivine + hcp (low),0.0136340369222548
T0434,94,Type 1 olivine (High),olivine + hcp (low),0.0136089289143527
T0363,42,Type 2 olivine (High),olivine + hcp (low),0.0135804137409161
T0363,16,alteration + olivine (Low),olivine + hcp (Low),0.0135593223754706
T0364,132,alteration + olivine (Low),alteration + olivine (Low),0.0135485869587795
T0433,303,Type 2 olivine (High),Type 2 olivine (High),0.0135399344220638
T0361,22,Type 2 olivine (High),Type 2 olivine (High),0.0134849073707334
T0364,169,Type 1 olivine (High),Type 1 olivine (High),0.0134608768069938
T0363,20,Type 1 olivine (Low),Type 1 olivine (Low),0.0134453751333417
T0364,189,Type 2 olivine (High),Type 2 olivine (High),0.0133985654751764
T0364,203,Type 1 olivine (High),olivine + hcp (low),0.0133510645952499
T0290,65,alteration + olivine (Low),olivine + hcp + alteration (Low),0.0133386802962197
T0364,9,Type 1 olivine (Moderate),Type 1 olivine (Moderate),0.0132855039584761
T0505,84,Type 2 olivine (High),Type 2 olivine (High),0.0132776310758909
T0818,0,olivine (High),olivine (High),0.0132550126037354
T0434,32,Type 2 olivine (High),olivine + hcp (low),0.0131561981551548
T0436,55,Type 1 olivine (High),Type 1 olivine (High),0.0130982419419354
T0290,32,Type 2 olivine (Low),olivine + hcp (Low),0.0130626576310456
T0435,153,alteration + olivine (Low),alteration + olivine (Low),0.0130601548291324
T0504,22,Type 2 olivine (High),olivine + hcp (low),0.0130443640583519
T0360,8,Type 2 olivine (High),Type 2 olivine (High),0.0130142832583572
T0361,27,Type 1 olivine (High),Type 1 olivine (High),0.0129458725984777
T0435,209,Type 2 olivine (Moderate),olivine + hcp (low),0.0128761904527737
T0434,156,Type 1 olivine (High),olivine + hcp (low),0.0128270486695067
T0435,8,alteration + olivine (Low),alteration + olivine (Low),0.0128257997582027
T0435,339,Type 2 olivine (High),olivine + hcp (low),0.012817421779053
T0433,93,Type 2 olivine (High),olivine + hcp (low),0.0128035113383583
T0432,9,Type 1 olivine (High),Type 1 olivine (High),0.012785759911873
T0433,389,Type 1 olivine (High),olivine + hcp (moderate),0.0127612869065634
T0435,211,Type 1 olivine (High),Type 1 olivine (High),0.0127413450983048
T0365,27,Type 2 olivine (Low),olivine + hcp (Low),0.0127382672303432
T0504,8,Type 2 olivine (High),olivine + hcp (low),0.0127326240260645
T0433,227,Type 1 olivine (High),Type 1 olivine (High),0.0127137207728904
T0434,96,Type 1 olivine (High),Type 1 olivine (High),0.012703692969984
T0432,16,alteration + olivine (Low),alteration + olivine (Low),0.0127030152867074
T0433,397,Type 2 olivine (Moderate),olivine + hcp (low),0.0126833163318273
T0432,11,alteration + olivine (Low),alteration + olivine (Low),0.0126508200005428
T0365,48,alteration + olivine (Low),olivine + hcp + alteration (Low),0.0126250316386129
T0432,67,Type 2 olivine (High),Type 2 olivine (High),0.0125839387449
T0505,8,Type 2 olivine (High),olivine (moderate),0.0124980029987014
T0363,73,Type 1 olivine (High),olivine + hcp (low),0.0124979758128069
T0505,58,Type 2 olivine (High),Type 2 olivine (High),0.0124863801633053
T0240,38,Type 2 olivine (High),olivine + hcp (low),0.0124688691402984
T0361,15,Type 1 olivine (High),Type 1 olivine (High),0.0124599680786061
T0364,86,Type 2 olivine (High),Type 2 olivine (High),0.0124350441511497
T0364,213,Type 1 olivine (Moderate),Type 1 olivine (Moderate),0.0123933702043472
T0364,175,Type 1 olivine (High),Type 1 olivine (High),0.0123457084695349
T0364,3,Type 1 olivine (High),olivine + hcp (low),0.0123295872751395
T0433,2,Type 2 olivine (Moderate),Type 2 olivine (Moderate),0.0122718876124217
T0434,132,Type 2 olivine (High),olivine + hcp (low),0.0122407177464889
T0433,82,Type 1 olivine (High),Type 1 olivine (High),0.0121916231743801
T0361,12,Type 1 olivine (Low),Type 1 olivine (Low),0.012184755103361
T0504,114,Type 2 olivine (High),olivine + hcp (low),0.0121452530958978
T0508,20,Type 1 olivine (Low),Type 1 olivine (Low),0.0121420960914427
T0573,24,olivine (High),olivine (High),0.0121223730360316
T0364,257,Type 2 olivine (High),Type 2 olivine (low),0.0120646139978541
T0364,89,Type 1 olivine (High),olivine + hcp (low),0.0120092420020804
T0507,64,Type 1 olivine (High),Type 1 olivine (High),0.01199765877272
T0364,150,Type 2 olivine (High),olivine + hcp (low),0.0119391805466532
T0436,46,Type 1 olivine (High),olivine + hcp (low),0.0119347267978119
T0290,29,Type 2 olivine (High),olivine + hcp (low),0.0119298664324588
T0434,100,Type 1 olivine (High),Type 1 olivine (High),0.0119127786606711
T0363,44,Type 2 olivine (High),Type 2 olivine (low),0.0118589978333812
T0363,9,Type 2 olivine (Low),olivine + hcp (Low),0.0118519827188613
T0293,36,Type 2 olivine (Moderate),olivine + hcp (low),0.0118493316842451
T0290,45,Type 2 olivine (High),olivine + hcp (low),0.0118392658285556
T0435,161,Type 1 olivine (High),olivine + hcp (low),0.0118189099748039
T0364,217,Type 2 olivine (Moderate),olivine + hcp (low),0.0118073317084455
T0364,61,Type 1 olivine (Low),olivine + hcp (Low),0.0118043543142362
T0432,14,alteration + olivine (Low),alteration + olivine (Low),0.0117647861649021
T0436,20,alteration + olivine (Low),alteration + olivine (Low),0.0117508418201011
T0436,163,Type 2 olivine (High),olivine + hcp (low),0.0117267182871737
T0433,71,Type 2 olivine (High),Type 2 olivine (moderate),0.0116993297809134
T0576,4,Type 2 olivine (Low),Type 2 olivine (Low),0.0116881902933341
T0236,17,Type 2 olivine (High),Type 2 olivine (High),0.0116301359022416
T0433,86,Type 1 olivine (High),olivine + hcp (low),0.0116283051195692
T0432,27,Type 1 olivine (High),Type 1 olivine (High),0.0116240380338065
T0432,15,alteration + olivine (Low),alteration + olivine (Low),0.0115586461821052
T0364,33,alteration + olivine (Low),olivine + hcp + alteration (Low),0.0115070585282128
T0364,251,Type 1 olivine (High),olivine + hcp (low),0.0115052985697136
T0433,271,Type 1 olivine (High),olivine + hcp (low),0.0114911400992278
T0433,417,Type 2 olivine (High),olivine + hcp (low),0.0114357770166992
T0433,74,Type 1 olivine (High),Type 1 olivine (High),0.0113977041901306
T0290,20,Type 2 olivine (High),olivine + hcp (low),0.0113739910427796
T0435,448,Type 2 olivine (High),Type 2 olivine (High),0.0113631863020392
T0432,12,alteration + olivine (Low),alteration + olivine (Low),0.0112707005353095
T0364,90,Type 2 olivine (High),olivine + hcp (moderate),0.0112698257639541
T0505,22,Type 1 olivine (Low),Type 1 olivine (Low),0.0112675531553056
T0434,24,Type 1 olivine (High),olivine + hcp (low),0.0112127366747538
T0364,225,Type 2 olivine (Low),Type 2 olivine (Low),0.0111846460569542
T0361,26,Type 1 olivine (High),Type 1 olivine (High),0.0111300136496165
T0290,26,alteration + olivine (Low),olivine + hcp + alteration (Low),0.011109734310605
T0507,48,Type 2 olivine (High),Type 2 olivine (High),0.0111095209093706
T0364,171,Type 2 olivine (High),olivine + hcp (low),0.0110863442951242
T0432,28,alteration + olivine (Low),alteration + olivine (Low),0.0110695555705037
T0360,10,Type 1 olivine (Low),olivine + hcp (Low),0.0110036502160779
T0506,16,Type 2 olivine (High),Type 2 olivine (low),0.0109881659760628
T0433,9,Type 1 olivine (High),olivine + hcp (low),0.0109725814030487
T0290,68,Type 2 olivine (High),olivine + hcp (moderate),0.0109613965883897
T0432,20,Type 1 olivine (High),Type 1 olivine (High),0.0109394344327677
T0360,22,Type 1 olivine (High),olivine + hcp + alteration (low),0.0109393852992519
T0433,429,alteration + olivine (Low),olivine + hcp + alteration (Low),0.0108884236427648
T0363,25,Type 1 olivine (High),Type 1 olivine (High),0.0108810036322735
T0359,34,alteration + olivine (High),alteration + olivine (High),0.0108453043756456
T0436,88,Type 2 olivine (Moderate),Type 2 olivine (Moderate),0.0108441850969336
T0505,102,Type 2 olivine (High),Type 2 olivine (High),0.0108126999957707
T0293,39,Type 2 olivine (Moderate),olivine + hcp + alteration (low),0.0108096521278376
T0293,26,alteration + olivine (Low),alteration + olivine (Low),0.0107891737261212
T0436,74,Type 1 olivine (High),Type 1 olivine (High),0.0107493520035351
T0432,40,Type 1 olivine (High),Type 1 olivine (High),0.0107009459685414
T0290,27,Type 1 olivine (High),olivine + hcp (low),0.010658971808677
T0432,85,alteration + olivine (Low),alteration + olivine (Low),0.0106126164284898
T0436,108,alteration + olivine (Low),alteration + olivine (Low),0.0105417587807723
T0433,355,Type 1 olivine (Low),olivine + hcp (Low),0.0105111861318791
T0364,79,Type 1 olivine (High),olivine + hcp (low),0.0105074900738368
T0503,12,Type 1 olivine (High),olivine + hcp (low),0.0105040414733941
T0364,221,Type 1 olivine (High),olivine + hcp (low),0.0105021460994092
T0290,7,Type 2 olivine (Moderate),olivine + hcp (low),0.0104973636345865
T0434,46,Type 2 olivine (High),olivine + hcp (low),0.0104879435809971
T0434,164,Type 2 olivine (Low),Type 2 olivine (Low),0.0104862973524142
T0434,48,Type 2 olivine (High),olivine + hcp (low),0.0104674610982165
T0290,11,Type 1 olivine (High),Type 1 olivine (High),0.0104466611199816
T0505,18,Type 1 olivine (High),olivine + hcp (low),0.0104369870865901
T0433,11,Type 2 olivine (High),olivine + hcp (low),0.0104365713587771
T0432,7,Type 2 olivine (High),Type 2 olivine (low),0.0104016736894098
T0293,38,Type 1 olivine (High),Type 1 olivine (High),0.0103878190228596
T0290,66,Type 2 olivine (High),Type 2 olivine (High),0.0103642405574134
T0364,88,Type 2 olivine (High),olivine + hcp (low),0.0103363578805227
T0364,110,Type 1 olivine (High),olivine + hcp (low),0.0103080262275829
T0504,120,Type 2 olivine (High),olivine + hcp (low),0.0103001158969169
T0432,8,Type 2 olivine (High),olivine + hcp (low),0.0102910901995072
T0360,16,Type 1 olivine (Low),olivine + hcp (Low),0.0102248465438101
T0434,90,Type 2 olivine (High),olivine + hcp (low),0.0102244178395316
T0434,166,Type 2 olivine (High),olivine + hcp (low),0.0102060521370618
T0434,26,Type 1 olivine (High),olivine + hcp (low),0.0101976089212486
T0290,71,Type 2 olivine (High),olivine + hcp (low),0.0101963384390766
T0432,13,alteration + olivine (Low),alteration + olivine (Low),0.0101500526093553
T0433,205,Type 2 olivine (High),olivine + hcp (low),0.010143122261655
T0290,25,Type 2 olivine (High),olivine + hcp (low),0.0101160579877619
T0290,53,Type 2 olivine (High),olivine + hcp (low),0.010091123162634
T0364,291,Type 2 olivine (Moderate),Type 2 olivine (Moderate),0.0100660732881049
T0364,163,Type 2 olivine (High),olivine + hcp (moderate),0.0100421878527595
T0364,95,Type 1 olivine (High),Type 1 olivine (moderate),0.0099957232192635
T0364,109,Type 1 olivine (Moderate),olivine + hcp (low),0.0099770929911232
T0293,25,Type 2 olivine (High),Type 2 olivine (moderate),0.0099734820812974
T0364,97,Type 1 olivine (High),olivine + hcp (low),0.0099452970054174
T0504,14,Type 1 olivine (High),olivine + hcp (low),0.0099396118903564
T0236,18,Type 1 olivine (High),Type 1 olivine (low),0.0098562846339707
T0293,24,Type 2 olivine (High),Type 2 olivine (High),0.0098166791208157
T0364,108,Type 1 olivine (High),olivine + hcp (low),0.0097338673561071
T0506,50,Type 2 olivine (High),olivine + hcp (low),0.0097200542734899
T0361,18,Type 1 olivine (High),Type 1 olivine (High),0.009711617564825
T0289,5,Type 2 olivine (High),olivine + hcp (low),0.0097074277784623
T0434,170,Type 2 olivine (High),olivine + hcp (low),0.0097046232869253
T0363,35,Type 1 olivine (Low),olivine + hcp (Low),0.0096446006264149
T0361,4,Type 2 olivine (Moderate),Type 2 olivine (Moderate),0.0096269962015588
T0432,75,alteration + olivine (Low),olivine + hcp + alteration (Low),0.0095817171725466
T0364,193,Type 2 olivine (High),olivine + hcp (low),0.0095517437957095
T0293,2,Type 1 olivine (High),olivine + hcp + alteration (low),0.0095279202043195
T0361,6,Type 1 olivine (Moderate),olivine + alteration (low),0.009503987049884
T0240,44,Type 2 olivine (High),olivine + hcp (low),0.0094646346148294
T0434,50,Type 1 olivine (High),olivine + hcp (low),0.009436043097736
T0431,2,Type 2 olivine (High),olivine + alteration (low),0.0094069849186371
T0433,243,Type 2 olivine (High),olivine + hcp (low),0.009400888043914
T0364,37,Type 2 olivine (High),olivine + hcp (low),0.0093883728659769
T0435,333,Type 2 olivine (Low),olivine + hcp (Low),0.0093756142873842
T0293,3,Type 2 olivine (High),olivine + hcp (low),0.0093505878181142
T0433,209,Type 2 olivine (High),olivine + hcp (low),0.0093488064386488
T0294,10,Type 2 olivine (High),Type 2 olivine (low),0.0093038690152238
T0432,6,Type 2 olivine (High),olivine + hcp (low),0.0092829795007995
T0364,96,Type 1 olivine (High),Type 1 olivine (low),0.0092501199913914
T0432,17,alteration + olivine (Low),alteration + olivine + hcp (Low),0.0092107926524993
T0434,224,Type 2 olivine (High),olivine + hcp (low),0.0091506966955808
T0434,222,Type 2 olivine (High),olivine + hcp (low),0.0091414038353467
T0364,2,alteration + olivine (Low),alteration + olivine + hcp (Low),0.0091235254868639
T0364,32,alteration + olivine (Low),alteration + olivine (Low),0.0090604590757783
T0433,241,Type 1 olivine (Moderate),olivine + hcp (low),0.0090228579681799
T0434,92,Type 2 olivine (High),olivine + hcp (low),0.0090009140570761
T0579,33,Type 1 olivine (High),Type 1 olivine (High),0.0089881057618401
T0433,253,Type 2 olivine (Moderate),Type 2 olivine (Moderate),0.0089045824526555
T0435,75,Type 2 olivine (High),olivine + hcp (low),0.0088824501563632
T0289,4,Type 2 olivine (High),olivine + hcp (low),0.0088622119764317
T0290,19,Type 2 olivine (High),alteration + olivine + hcp (low),0.0088595786891033
T0503,41,Type 2 olivine (Moderate),olivine + hcp (low),0.0088494459574275
T0364,87,Type 2 olivine (High),olivine + hcp (low),0.0088153820907762
T0434,74,Type 2 olivine (High),olivine + hcp (low),0.0087799943334284
T0433,269,Type 2 olivine (Moderate),olivine + hcp (low),0.0087539535319027
T0240,51,Type 2 olivine (High),olivine + hcp (low),0.008748387396644
T0576,9,Type 2 olivine (High),Type 2 olivine (High),0.0087348040947949
T0432,31,Type 2 olivine (High),Type 2 olivine (ow),0.008614100155026
T0433,87,Type 2 olivine (High),olivine + hcp (low),0.008572480854548
T0365,18,alteration + olivine (Low),alteration + olivine (Low),0.0085648779097163
T0433,423,Type 1 olivine (Low),olivine + hcp (Low),0.0085434030902145
T0433,91,Type 2 olivine (High),alteration + olivine + hcp (low),0.0085318750524361
T0240,69,Type 2 olivine (High),alteration + olivine + hcp (low),0.0084921624767385
T0290,28,Type 2 olivine (High),alteration + olivine + hcp (low),0.0084887955509943
T0360,26,Type 2 olivine (Low),olivine + hcp + alteration (Low),0.0084841215388504
T0290,6,Type 2 olivine (High),olivine + hcp + alteration (low),0.0084482133450148
T0507,50,Type 2 olivine (High),Type 2 olivine (low),0.0083256973165503
T0361,2,Type 1 olivine (Moderate),Type 1 olivine (Moderate),0.0082898787554592
T0364,41,alteration + olivine (Low),alteration + olivine + hcp (Low),0.008233215779099
T0294,31,Type 2 olivine (High),olivine + hcp (low),0.0081893828039246
T0433,96,Type 1 olivine (High),olivine + hcp (low),0.0081892820640528
T0290,8,Type 2 olivine (High),olivine + hcp (low),0.0081721675855511
T0293,45,Type 1 olivine (Moderate),Type 1 olivine (low),0.0080864831419369
T0434,82,Type 2 olivine (High),olivine + hcp (low),0.0080819218771118
T0434,78,Type 2 olivine (High),olivine + hcp (low),0.0080261311448484
T0505,48,Type 1 olivine (High),Type 1 olivine (low),0.008014639891505
T0364,28,Type 2 olivine (High),olivine + hcp (low),0.0079758558428186
T0361,17,Type 1 olivine (Low),olivine + hcp (Low),0.0079670346453587
T0504,126,Type 2 olivine (High),olivine + hcp (low),0.0079045664133126
T0290,72,Type 2 olivine (High),olivine + hcp (low),0.0079001834272358
T0238,4,Type 1 olivine (Low),Type 1 olivine (Low),0.0078988022865758
T0434,220,Type 1 olivine (High),olivine + hcp + alteration (low),0.0078308358177184
T0290,46,Type 2 olivine (High),olivine + hcp (low),0.0077869048933897
T0240,24,Type 2 olivine (High),olivine + hcp (moderate),0.0077698303571346
T0184,10,Type 2 olivine (High),olivine + hcp (low),0.007636632432835
T0290,15,Type 2 olivine (High),olivine + hcp (low),0.0076064389295785
T0293,34,Type 1 olivine (Low),Type 1 olivine (Low),0.0075492984171318
T0434,72,Type 1 olivine (High),Type 1 olivine (low),0.007546726940946
T0290,31,Type 1 olivine (High),olivine + hcp (low),0.0075161785495264
T0290,14,Type 1 olivine (High),olivine + hcp (low),0.00744731519479
T0434,64,Type 2 olivine (High),Type 2 olivine (low),0.00741972773256
T0434,28,Type 1 olivine (High),Type 1 olivine (low),0.0073897287549338
T0236,49,Type 2 olivine (High),olivine + hcp (low),0.0073422417378736
T0294,19,Type 1 olivine (High),olivine + hcp (low),0.0073139868623079
T0236,29,Type 2 olivine (High),olivine + hcp (low),0.0072959806961495
T0290,13,Type 1 olivine (High),olivine + hcp (low),0.0072905927948192
T0436,175,Type 1 olivine (High),Type 1 olivine (low),0.0071885186418176
T0365,17,alteration + olivine (Low),alteration + olivine (Low),0.0071516177574897
T0365,3,Type 1 olivine (High),olivine + hcp (low),0.0071326637734189
T0434,154,Type 1 olivine (High),olivine + hcp (low),0.0071322635522808
T0290,23,Type 1 olivine (High),olivine + hcp (low),0.0071055304804478
T0290,12,Type 2 olivine (High),olivine + hcp (low),0.007092749608657
T0236,106,Type 2 olivine (Low),olivine + alteratoin (Low),0.0070884532499727
T0236,25,Type 1 olivine (High),Type 1 olivine (low),0.006952460951173
T0505,60,Type 2 olivine (High),Type 2 olivine (low),0.0069301571246025
T0293,35,Type 2 olivine (High),Type 2 olivine (High),0.0068482597907569
T0433,97,Type 1 olivine (Moderate),Type 1 olivine (Moderate),0.006829661053352
T0361,13,Type 1 olivine (Low),Type 1 olivine + alteration (Low),0.0066832678243844
T0436,112,Type 2 olivine (Moderate),Type 2 olivine (low),0.0066810888344124
T0237,17,Type 2 olivine (High),olivine + alteration (low),0.0066733525209295
T0433,88,Type 2 olivine (High),olivine + alteration (low),0.006630516183808
T0294,29,Type 2 olivine (High),Type 2 olivine (low),0.0065968119979908
T0240,87,Type 2 olivine (Moderate),olivine + alteration (low),0.0065415488317216
T0294,21,Type 1 olivine (High),Type 1 olivine (High),0.0065337290296251
T0436,109,Type 2 olivine (High),Type 2 olivine (High),0.006473525537475
T0236,112,alteration + olivine (Low),alteration + olivine (Low),0.0064345541632477
T0361,23,Type 2 olivine (High),Type 2 olivine (High),0.0063640338837025
T0434,228,Type 1 olivine (High),Type 1 olivine (High),0.0063486757073041
T0290,36,Type 1 olivine (High),Type 1 olivine (High),0.0062781664864525
T0435,207,Type 2 olivine (Low),olivine + hcp (Low),0.0062531870936737
T0360,6,Type 1 olivine (Low),Type 1 olivine (Low),0.0061153707543368
T0364,293,Type 2 olivine (Low),Type 2 olivine (Low),0.0060418283050014
T0293,47,Type 1 olivine (High),Type 1 olivine (High),0.0060387722861768
T0433,69,Type 1 olivine (High),olivine + hcp (low),0.0060184021930175
T0361,21,Type 2 olivine (High),Type 2 olivine (High),0.0060154707516879
T0364,261,Type 1 olivine (High),olivine + hcp (low),0.005964214721999
T0240,89,Type 2 olivine (Low),olivine + hcp (Low),0.0058900203285293
T0236,21,Type 2 olivine (High),olivine + hcp (low),0.0058848636657842
T0240,34,Type 2 olivine (High),olivine + hcp (low),0.0058644009293824
T0240,49,Type 1 olivine (High),olivine + hcp (low),0.0058544463562948
T0434,148,Type 2 olivine (High),olivine + hcp (low),0.0058423394391797
T0436,161,Type 2 olivine (High),olivine + hcp (low),0.0058343724749365
T0294,37,Type 1 olivine (High),olivine + hcp (low),0.0058304083499608
T0240,42,Type 1 olivine (High),Type 1 olivine (low),0.005646657182205
T0434,68,Type 1 olivine (Low),olivine + hcp (Low),0.0056156945078941
T0364,263,Type 2 olivine (High),olivine + hcp (low),0.0056020870334836
T0236,27,Type 2 olivine (High),olivine + hcp (low),0.005598157883917
T0235,0,Type 2 olivine (High),olivine + hcp (low),0.0055871907006845
T0434,152,Type 2 olivine (High),olivine + hcp (low),0.0055722043081986
T0433,81,Type 1 olivine (High),olivine + hcp (low),0.0055644022831714
T0293,21,Type 2 olivine (High),olivine (low),0.0055188907647422
T0433,273,Type 2 olivine (Moderate),olivine + hcp (low),0.0054420928947843
T0240,36,Type 2 olivine (High),olivine + hcp (low),0.0054309052476821
T0240,20,Type 2 olivine (High),Type 2 olivine (low),0.005358949479671
T0236,108,Type 2 olivine (High),Type 2 olivine (low),0.0053586507602921
T0293,5,Type 1 olivine (Moderate),Type 1 olivine (low),0.0052520011174175
T0289,2,Type 1 olivine (High),olivine + hcp (low),0.0052428550542396
T0290,48,alteration + olivine (Low),alteration + olivine + hcp (Low),0.0052168127321207
T0435,117,Type 1 olivine (High),olivine + hcp (low),0.0052100229877192
T0236,100,Type 1 olivine (High),olivine + hcp (moderate),0.005203662813477
T0294,33,Type 2 olivine (High),olivine + hcp (moderate),0.0051770464688263
T0294,35,Type 2 olivine (High),olivine + hcp (low),0.0051156377353419
T0436,113,Type 2 olivine (High),olivine + hcp (low),0.005068314723296
T0240,16,Type 1 olivine (High),olivine + hcp (low),0.0050314400795813
T0434,150,Type 1 olivine (High),Type 1 olivine (low),0.0050255571338887
T0290,18,Type 2 olivine (High),olivine + hcp (low),0.0049280906703069
T0432,69,Type 1 olivine (High),olivine + hcp (low),0.0049017388315671
T0240,83,Type 1 olivine (High),Type 1 olivine (low),0.0048311299958997
T0240,0,Type 2 olivine (Low),Type 2 olivine (Low),0.0047947721584352
T0434,80,Type 2 olivine (Low),Type 2 olivine (Low),0.0047794604765261
T0434,226,alteration + olivine (Low),alteration + olivine (Low),0.0047733188148245
T0436,110,Type 2 olivine (Moderate),Type 2 olivine (Moderate),0.0047554327119716
T0294,2,Type 2 olivine (High),olivine + alteration (low),0.0047446152297069
T0294,6,Type 1 olivine (High),olivine + hcp (low),0.004726848773265
T0236,14,Type 2 olivine (High),Type 2 olivine (low),0.004626237936853
T0507,58,Type 1 olivine (High),Type 1 olivine (High),0.0045824146602833
T0240,22,alteration + olivine (Low),alteration + olivine (Low),0.0044858834893722
T0361,3,Type 2 olivine (Moderate),Type 2 olivine (Moderate),0.0044564575656457
T0240,45,Type 2 olivine (High),olivine + hcp (low),0.0044225249881559
T0240,4,Type 1 olivine (High),olivine + hcp (low),0.0043972801438503
T0433,315,Type 2 olivine (Moderate),Type 2 olivine (low),0.0042141810391256
T0240,32,Type 2 olivine (High),olivine + hcp (low),0.0040919291975558
T0240,2,Type 1 olivine (High),Type 1 olivine (low),0.0039853797045361
T0294,27,Type 2 olivine (High),Type 2 olivine (moderate),0.0038190696782063
T0237,44,Type 1 olivine (High),Type 1 olivine (low),0.0037440036971666
T0237,6,Type 2 olivine (High),Type 2 olivine (low),0.003710730141223
T0237,63,Type 1 olivine (High),Type 1 olivine (High),0.003601917713831
T0290,50,Type 2 olivine (Low),Type 2 olivine (Low),0.0035844793507545
T0290,2,Type 2 olivine (High),Type 2 olivine (low),0.0035323364295263
T0240,12,Type 2 olivine (High),Type 2 olivine (low),0.0035171824359617
T0240,14,Type 2 olivine (High),Type 2 olivine (High),0.0034481877937073
T0436,173,Type 2 olivine (High),Type 2 olivine (High),0.0034382596821465
T0294,25,Type 1 olivine (High),Type 1 olivine (High),0.003429120273781
T0436,111,Type 2 olivine (High),Type 2 olivine (High),0.0033502950605371
T0290,76,Type 2 olivine (High),Type 2 olivine (High),0.0032745564098718
T0236,19,Type 2 olivine (High),Type 2 olivine (low),0.0031108962263561
T0290,54,Type 2 olivine (High),Type 2 olivine (High),0.0030304845740499
T0235,18,Type 2 olivine (High),Type 2 olivine (low),0.0028457391469588
T0433,83,Type 2 olivine (High),Type 2 olivine (low),0.0024630791913539
T0290,30,Type 2 olivine (High),Type 2 olivine (low),0.0024610886857974
T0289,0,Type 2 olivine (High),Type 2 olivine (low),0.0024444404937424
T0236,47,Type 2 olivine (High),Type 2 olivine (moderate),0.0023540517234216
T0239,4,Type 1 olivine (High),Type 1 olivine (low),0.0023515959031366
T0240,47,olivine (Moderate),olivine (Moderate),0.0022690976229119
T0240,67,Type 2 olivine (High),Type 2 olivine (High),0.0022404025325699
T0235,10,Type 2 olivine (High),olivine + hcp (low),0.0022337640948975
T0236,110,Type 2 olivine (Low),Type 2 olivine (Low),0.002205305084445
T0236,41,Type 2 olivine (Low),Type 2 olivine (Low),0.0020691340215281
T0433,319,Type 2 olivine (Low),Type 2 olivine (Low),0.0020068232797377
T0235,2,Type 2 olivine (High),Type 2 olivine (low),0.0019084307739493
T0361,1,Type 1 olivine (High),Type 1 olivine (High),0.0018862746641193
T0436,130,Type 2 olivine (High),olivine + hcp (low),0.0018862258868859
T0436,122,Type 2 olivine (High),Type 2 olivine (High),0.0018710669791739
T0236,61,Type 2 olivine (High),Type 2 olivine (High),0.001835728744833
T0235,14,Type 2 olivine (High),Type 2 olivine (low),0.001634858135991
T0235,16,Type 2 olivine (Low),Type 2 olivine (Low),0.0015368896882067
T0185,4,Type 2 olivine (Moderate),Type 2 olivine (Moderate),0.0014448942158225
T0236,76,Type 1 olivine (High),Type 1 olivine (High),0.0013241910525805
T0240,63,Type 1 olivine (High),Type 1 olivine (moderate),0.0012220200327839
T0237,4,Type 1 olivine (High),Type 1 olivine (High),0.0012108226634137
T0184,20,Type 1 olivine (Low),Type 1 olivine (Low),0.001187246919753
T0236,92,Type 2 olivine (Low),Type 2 olivine (Low),0.0011412120129278
T0237,38,Type 2 olivine (High),Type 2 olivine (low),0.0011093331523608
T0237,21,Type 1 olivine (High),Type 1 olivine (High),0.0010014687078312
T0236,63,alteration + olivine (Low),alteration + olivine (Low),0.0009420409978241
T0239,6,olivine (Moderate),olivine (Moderate),0.0008820837357452
T0236,59,Type 2 olivine (High),Type 2 olivine (High),0.0007703079739564
T0184,12,alteration + olivine (Low),alteration + olivine (Low),0.000587291230332
T0236,43,Type 2 olivine (High),Type 2 olivine (High),0.0004958553173339
T0237,51,Type 2 olivine (Moderate),Type 2 olivine (low),0.0004815780362684
T0183,2,Type 2 olivine (High),Type 2 olivine (low),0.0004755075452258
T0235,12,Type 2 olivine (High),Type 2 olivine (High),0.0004437801479406
T0184,6,Type 2 olivine (High),Type 2 olivine (High),0.0002721651113266
T0236,84,Type 2 olivine (High),Type 2 olivine (High),0.0002555945004802
T0184,18,Type 2 olivine (High),Type 2 olivine (High),0.0001938984556317
T0434,172,Type 1 olivine (High),Type 1 olivine (High),0.0001449081400664
T0237,47,Type 2 olivine (Moderate),Type 2 olivine (Moderate),0.0001192345464594
T0236,39,alteration + olivine (Low),alteration + olivine (Low),-6.241837963560926e-05
T0237,25,Type 2 olivine (High),olivine + alteration (moderate),-0.000121185034724
T0184,14,Type 1 olivine (Moderate),Type 1 olivine (Moderate),-0.0002405690188818
T0235,8,Type 2 olivine (High),Type 2 olivine (low),-0.0002512840217803
T0237,8,Type 2 olivine (High),Type 2 olivine (High),-0.0006856913985635
T0237,10,Type 1 olivine (High),Type 1 olivine (High),-0.0007555817220081
T0237,2,Type 2 olivine (High),olivine + alteration (low),-0.0011083108598748
T0237,40,Type 1 olivine (High),Type 1 olivine (High),-0.0011974522933277
T0237,46,Type 1 olivine (High),Type 1 olivine (low),-0.001211693618244
T0573,22,olivine (Low),olivine (Low),-0.0012940898602826
T0236,45,Type 2 olivine (High),Type 2 olivine (low),-0.0014193476368025
T0237,36,Type 2 olivine (High),Type 2 olivine (low),-0.002136710169621
T0237,27,Type 1 olivine (High),Type 1 olivine (low),-0.0024685096951264
T0237,23,Type 2 olivine (High),Type 2 olivine (low),-0.0031894609013385
T0237,29,olivine (Low),olivine (Low),-0.0040848855496751
T0240,91,Type 1 olivine (Low),Type 1 olivine (Low),-0.007280180377540413
