tile_id,lat,lon
t0101,-62.5,7.5
t0102,-62.5,17.5
t0103,-62.5,27.5
t0104,-62.5,37.5
t0105,-62.5,47.5
t0106,-62.5,57.5
t0107,-62.5,67.5
t0108,-62.5,77.5
t0109,-62.5,87.5
t0110,-62.5,97.5
t0111,-62.5,107.5
t0112,-62.5,117.5
t0113,-62.5,127.5
t0114,-62.5,137.5
t0115,-62.5,147.5
t0116,-62.5,157.5
t0117,-62.5,167.5
t0118,-62.5,177.5
t0119,-62.5,187.5
t0120,-62.5,197.5
t0121,-62.5,207.5
t0122,-62.5,217.5
t0123,-62.5,227.5
t0124,-62.5,237.5
t0125,-62.5,247.5
t0126,-62.5,257.5
t0127,-62.5,267.5
t0128,-62.5,277.5
t0129,-62.5,287.5
t0130,-62.5,297.5
t0131,-62.5,307.5
t0132,-62.5,317.5
t0133,-62.5,327.5
t0134,-62.5,337.5
t0135,-62.5,347.5
t0136,-62.5,357.5
t0137,-57.5,5.5
t0138,-57.5,12.5
t0139,-57.5,19.5
t0140,-57.5,25.5
t0141,-57.5,32.5
t0142,-57.5,39.5
t0143,-57.5,45.5
t0144,-57.5,52.5
t0145,-57.5,59.5
t0146,-57.5,65.5
t0147,-57.5,72.5
t0148,-57.5,79.5
t0149,-57.5,85.5
t0150,-57.5,92.5
t0151,-57.5,99.5
t0152,-57.5,105.5
t0153,-57.5,112.5
t0154,-57.5,119.5
t0155,-57.5,125.5
t0156,-57.5,132.5
t0157,-57.5,139.5
t0158,-57.5,145.5
t0159,-57.5,152.5
t0160,-57.5,159.5
t0161,-57.5,165.5
t0162,-57.5,172.5
t0163,-57.5,179.5
t0164,-57.5,185.5
t0165,-57.5,192.5
t0166,-57.5,199.5
t0167,-57.5,205.5
t0168,-57.5,212.5
t0169,-57.5,219.5
t0170,-57.5,225.5
t0171,-57.5,232.5
t0172,-57.5,239.5
t0173,-57.5,245.5
t0174,-57.5,252.5
t0175,-57.5,259.5
t0176,-57.5,265.5
t0177,-57.5,272.5
t0178,-57.5,279.5
t0179,-57.5,285.5
t0180,-57.5,292.5
t0181,-57.5,299.5
t0182,-57.5,305.5
t0183,-57.5,312.5
t0184,-57.5,319.5
t0185,-57.5,325.5
t0186,-57.5,332.5
t0187,-57.5,339.5
t0188,-57.5,345.5
t0189,-57.5,352.5
t0190,-57.5,359.5
t0191,-52.5,5.5
t0192,-52.5,12.5
t0193,-52.5,19.5
t0194,-52.5,25.5
t0195,-52.5,32.5
t0196,-52.5,39.5
t0197,-52.5,45.5
t0198,-52.5,52.5
t0199,-52.5,59.5
t0200,-52.5,65.5
t0201,-52.5,72.5
t0202,-52.5,79.5
t0203,-52.5,85.5
t0204,-52.5,92.5
t0205,-52.5,99.5
t0206,-52.5,105.5
t0207,-52.5,112.5
t0208,-52.5,119.5
t0209,-52.5,125.5
t0210,-52.5,132.5
t0211,-52.5,139.5
t0212,-52.5,145.5
t0213,-52.5,152.5
t0214,-52.5,159.5
t0215,-52.5,165.5
t0216,-52.5,172.5
t0217,-52.5,179.5
t0218,-52.5,185.5
t0219,-52.5,192.5
t0220,-52.5,199.5
t0221,-52.5,205.5
t0222,-52.5,212.5
t0223,-52.5,219.5
t0224,-52.5,225.5
t0225,-52.5,232.5
t0226,-52.5,239.5
t0227,-52.5,245.5
t0228,-52.5,252.5
t0229,-52.5,259.5
t0230,-52.5,265.5
t0231,-52.5,272.5
t0232,-52.5,279.5
t0233,-52.5,285.5
t0234,-52.5,292.5
t0235,-52.5,299.5
t0236,-52.5,305.5
t0237,-52.5,312.5
t0238,-52.5,319.5
t0239,-52.5,325.5
t0240,-52.5,332.5
t0241,-52.5,339.5
t0242,-52.5,345.5
t0243,-52.5,352.5
t0244,-52.5,359.5
t0245,-47.5,5.5
t0246,-47.5,12.5
t0247,-47.5,19.5
t0248,-47.5,25.5
t0249,-47.5,32.5
t0250,-47.5,39.5
t0251,-47.5,45.5
t0252,-47.5,52.5
t0253,-47.5,59.5
t0254,-47.5,65.5
t0255,-47.5,72.5
t0256,-47.5,79.5
t0257,-47.5,85.5
t0258,-47.5,92.5
t0259,-47.5,99.5
t0260,-47.5,105.5
t0261,-47.5,112.5
t0262,-47.5,119.5
t0263,-47.5,125.5
t0264,-47.5,132.5
t0265,-47.5,139.5
t0266,-47.5,145.5
t0267,-47.5,152.5
t0268,-47.5,159.5
t0269,-47.5,165.5
t0270,-47.5,172.5
t0271,-47.5,179.5
t0272,-47.5,185.5
t0273,-47.5,192.5
t0274,-47.5,199.5
t0275,-47.5,205.5
t0276,-47.5,212.5
t0277,-47.5,219.5
t0278,-47.5,225.5
t0279,-47.5,232.5
t0280,-47.5,239.5
t0281,-47.5,245.5
t0282,-47.5,252.5
t0283,-47.5,259.5
t0284,-47.5,265.5
t0285,-47.5,272.5
t0286,-47.5,279.5
t0287,-47.5,285.5
t0288,-47.5,292.5
t0289,-47.5,299.5
t0290,-47.5,305.5
t0291,-47.5,312.5
t0292,-47.5,319.5
t0293,-47.5,325.5
t0294,-47.5,332.5
t0295,-47.5,339.5
t0296,-47.5,345.5
t0297,-47.5,352.5
t0298,-47.5,359.5
t0299,-42.5,5.5
t0300,-42.5,10.5
t0301,-42.5,15.5
t0302,-42.5,20.5
t0303,-42.5,25.5
t0304,-42.5,30.5
t0305,-42.5,35.5
t0306,-42.5,40.5
t0307,-42.5,45.5
t0308,-42.5,50.5
t0309,-42.5,55.5
t0310,-42.5,60.5
t0311,-42.5,65.5
t0312,-42.5,70.5
t0313,-42.5,75.5
t0314,-42.5,80.5
t0315,-42.5,85.5
t0316,-42.5,90.5
t0317,-42.5,95.5
t0318,-42.5,100.5
t0319,-42.5,105.5
t0320,-42.5,110.5
t0321,-42.5,115.5
t0322,-42.5,120.5
t0323,-42.5,125.5
t0324,-42.5,130.5
t0325,-42.5,135.5
t0326,-42.5,140.5
t0327,-42.5,145.5
t0328,-42.5,150.5
t0329,-42.5,155.5
t0330,-42.5,160.5
t0331,-42.5,165.5
t0332,-42.5,170.5
t0333,-42.5,175.5
t0334,-42.5,180.5
t0335,-42.5,185.5
t0336,-42.5,190.5
t0337,-42.5,195.5
t0338,-42.5,200.5
t0339,-42.5,205.5
t0340,-42.5,210.5
t0341,-42.5,215.5
t0342,-42.5,220.5
t0343,-42.5,225.5
t0344,-42.5,230.5
t0345,-42.5,235.5
t0346,-42.5,240.5
t0347,-42.5,245.5
t0348,-42.5,250.5
t0349,-42.5,255.5
t0350,-42.5,260.5
t0351,-42.5,265.5
t0352,-42.5,270.5
t0353,-42.5,275.5
t0354,-42.5,280.5
t0355,-42.5,285.5
t0356,-42.5,290.5
t0357,-42.5,295.5
t0358,-42.5,300.5
t0359,-42.5,305.5
t0360,-42.5,310.5
t0361,-42.5,315.5
t0362,-42.5,320.5
t0363,-42.5,325.5
t0364,-42.5,330.5
t0365,-42.5,335.5
t0366,-42.5,340.5
t0367,-42.5,345.5
t0368,-42.5,350.5
t0369,-42.5,355.5
t0370,-42.5,360.5
t0371,-37.5,5.5
t0372,-37.5,10.5
t0373,-37.5,15.5
t0374,-37.5,20.5
t0375,-37.5,25.5
t0376,-37.5,30.5
t0377,-37.5,35.5
t0378,-37.5,40.5
t0379,-37.5,45.5
t0380,-37.5,50.5
t0381,-37.5,55.5
t0382,-37.5,60.5
t0383,-37.5,65.5
t0384,-37.5,70.5
t0385,-37.5,75.5
t0386,-37.5,80.5
t0387,-37.5,85.5
t0388,-37.5,90.5
t0389,-37.5,95.5
t0390,-37.5,100.5
t0391,-37.5,105.5
t0392,-37.5,110.5
t0393,-37.5,115.5
t0394,-37.5,120.5
t0395,-37.5,125.5
t0396,-37.5,130.5
t0397,-37.5,135.5
t0398,-37.5,140.5
t0399,-37.5,145.5
t0400,-37.5,150.5
t0401,-37.5,155.5
t0402,-37.5,160.5
t0403,-37.5,165.5
t0404,-37.5,170.5
t0405,-37.5,175.5
t0406,-37.5,180.5
t0407,-37.5,185.5
t0408,-37.5,190.5
t0409,-37.5,195.5
t0410,-37.5,200.5
t0411,-37.5,205.5
t0412,-37.5,210.5
t0413,-37.5,215.5
t0414,-37.5,220.5
t0415,-37.5,225.5
t0416,-37.5,230.5
t0417,-37.5,235.5
t0418,-37.5,240.5
t0419,-37.5,245.5
t0420,-37.5,250.5
t0421,-37.5,255.5
t0422,-37.5,260.5
t0423,-37.5,265.5
t0424,-37.5,270.5
t0425,-37.5,275.5
t0426,-37.5,280.5
t0427,-37.5,285.5
t0428,-37.5,290.5
t0429,-37.5,295.5
t0430,-37.5,300.5
t0431,-37.5,305.5
t0432,-37.5,310.5
t0433,-37.5,315.5
t0434,-37.5,320.5
t0435,-37.5,325.5
t0436,-37.5,330.5
t0437,-37.5,335.5
t0438,-37.5,340.5
t0439,-37.5,345.5
t0440,-37.5,350.5
t0441,-37.5,355.5
t0442,-37.5,360.5
t0443,-32.5,5.5
t0444,-32.5,10.5
t0445,-32.5,15.5
t0446,-32.5,20.5
t0447,-32.5,25.5
t0448,-32.5,30.5
t0449,-32.5,35.5
t0450,-32.5,40.5
t0451,-32.5,45.5
t0452,-32.5,50.5
t0453,-32.5,55.5
t0454,-32.5,60.5
t0455,-32.5,65.5
t0456,-32.5,70.5
t0457,-32.5,75.5
t0458,-32.5,80.5
t0459,-32.5,85.5
t0460,-32.5,90.5
t0461,-32.5,95.5
t0462,-32.5,100.5
t0463,-32.5,105.5
t0464,-32.5,110.5
t0465,-32.5,115.5
t0466,-32.5,120.5
t0467,-32.5,125.5
t0468,-32.5,130.5
t0469,-32.5,135.5
t0470,-32.5,140.5
t0471,-32.5,145.5
t0472,-32.5,150.5
t0473,-32.5,155.5
t0474,-32.5,160.5
t0475,-32.5,165.5
t0476,-32.5,170.5
t0477,-32.5,175.5
t0478,-32.5,180.5
t0479,-32.5,185.5
t0480,-32.5,190.5
t0481,-32.5,195.5
t0482,-32.5,200.5
t0483,-32.5,205.5
t0484,-32.5,210.5
t0485,-32.5,215.5
t0486,-32.5,220.5
t0487,-32.5,225.5
t0488,-32.5,230.5
t0489,-32.5,235.5
t0490,-32.5,240.5
t0491,-32.5,245.5
t0492,-32.5,250.5
t0493,-32.5,255.5
t0494,-32.5,260.5
t0495,-32.5,265.5
t0496,-32.5,270.5
t0497,-32.5,275.5
t0498,-32.5,280.5
t0499,-32.5,285.5
t0500,-32.5,290.5
t0501,-32.5,295.5
t0502,-32.5,300.5
t0503,-32.5,305.5
t0504,-32.5,310.5
t0505,-32.5,315.5
t0506,-32.5,320.5
t0507,-32.5,325.5
t0508,-32.5,330.5
t0509,-32.5,335.5
t0510,-32.5,340.5
t0511,-32.5,345.5
t0512,-32.5,350.5
t0513,-32.5,355.5
t0514,-32.5,360.5
t0515,-27.5,5.5
t0516,-27.5,10.5
t0517,-27.5,15.5
t0518,-27.5,20.5
t0519,-27.5,25.5
t0520,-27.5,30.5
t0521,-27.5,35.5
t0522,-27.5,40.5
t0523,-27.5,45.5
t0524,-27.5,50.5
t0525,-27.5,55.5
t0526,-27.5,60.5
t0527,-27.5,65.5
t0528,-27.5,70.5
t0529,-27.5,75.5
t0530,-27.5,80.5
t0531,-27.5,85.5
t0532,-27.5,90.5
t0533,-27.5,95.5
t0534,-27.5,100.5
t0535,-27.5,105.5
t0536,-27.5,110.5
t0537,-27.5,115.5
t0538,-27.5,120.5
t0539,-27.5,125.5
t0540,-27.5,130.5
t0541,-27.5,135.5
t0542,-27.5,140.5
t0543,-27.5,145.5
t0544,-27.5,150.5
t0545,-27.5,155.5
t0546,-27.5,160.5
t0547,-27.5,165.5
t0548,-27.5,170.5
t0549,-27.5,175.5
t0550,-27.5,180.5
t0551,-27.5,185.5
t0552,-27.5,190.5
t0553,-27.5,195.5
t0554,-27.5,200.5
t0555,-27.5,205.5
t0556,-27.5,210.5
t0557,-27.5,215.5
t0558,-27.5,220.5
t0559,-27.5,225.5
t0560,-27.5,230.5
t0561,-27.5,235.5
t0562,-27.5,240.5
t0563,-27.5,245.5
t0564,-27.5,250.5
t0565,-27.5,255.5
t0566,-27.5,260.5
t0567,-27.5,265.5
t0568,-27.5,270.5
t0569,-27.5,275.5
t0570,-27.5,280.5
t0571,-27.5,285.5
t0572,-27.5,290.5
t0573,-27.5,295.5
t0574,-27.5,300.5
t0575,-27.5,305.5
t0576,-27.5,310.5
t0577,-27.5,315.5
t0578,-27.5,320.5
t0579,-27.5,325.5
t0580,-27.5,330.5
t0581,-27.5,335.5
t0582,-27.5,340.5
t0583,-27.5,345.5
t0584,-27.5,350.5
t0585,-27.5,355.5
t0586,-27.5,360.5
t0587,-22.5,5.5
t0588,-22.5,10.5
t0589,-22.5,15.5
t0590,-22.5,20.5
t0591,-22.5,25.5
t0592,-22.5,30.5
t0593,-22.5,35.5
t0594,-22.5,40.5
t0595,-22.5,45.5
t0596,-22.5,50.5
t0597,-22.5,55.5
t0598,-22.5,60.5
t0599,-22.5,65.5
t0600,-22.5,70.5
t0601,-22.5,75.5
t0602,-22.5,80.5
t0603,-22.5,85.5
t0604,-22.5,90.5
t0605,-22.5,95.5
t0606,-22.5,100.5
t0607,-22.5,105.5
t0608,-22.5,110.5
t0609,-22.5,115.5
t0610,-22.5,120.5
t0611,-22.5,125.5
t0612,-22.5,130.5
t0613,-22.5,135.5
t0614,-22.5,140.5
t0615,-22.5,145.5
t0616,-22.5,150.5
t0617,-22.5,155.5
t0618,-22.5,160.5
t0619,-22.5,165.5
t0620,-22.5,170.5
t0621,-22.5,175.5
t0622,-22.5,180.5
t0623,-22.5,185.5
t0624,-22.5,190.5
t0625,-22.5,195.5
t0626,-22.5,200.5
t0627,-22.5,205.5
t0628,-22.5,210.5
t0629,-22.5,215.5
t0630,-22.5,220.5
t0631,-22.5,225.5
t0632,-22.5,230.5
t0633,-22.5,235.5
t0634,-22.5,240.5
t0635,-22.5,245.5
t0636,-22.5,250.5
t0637,-22.5,255.5
t0638,-22.5,260.5
t0639,-22.5,265.5
t0640,-22.5,270.5
t0641,-22.5,275.5
t0642,-22.5,280.5
t0643,-22.5,285.5
t0644,-22.5,290.5
t0645,-22.5,295.5
t0646,-22.5,300.5
t0647,-22.5,305.5
t0648,-22.5,310.5
t0649,-22.5,315.5
t0650,-22.5,320.5
t0651,-22.5,325.5
t0652,-22.5,330.5
t0653,-22.5,335.5
t0654,-22.5,340.5
t0655,-22.5,345.5
t0656,-22.5,350.5
t0657,-22.5,355.5
t0658,-22.5,360.5
t0659,-17.5,5.5
t0660,-17.5,10.5
t0661,-17.5,15.5
t0662,-17.5,20.5
t0663,-17.5,25.5
t0664,-17.5,30.5
t0665,-17.5,35.5
t0666,-17.5,40.5
t0667,-17.5,45.5
t0668,-17.5,50.5
t0669,-17.5,55.5
t0670,-17.5,60.5
t0671,-17.5,65.5
t0672,-17.5,70.5
t0673,-17.5,75.5
t0674,-17.5,80.5
t0675,-17.5,85.5
t0676,-17.5,90.5
t0677,-17.5,95.5
t0678,-17.5,100.5
t0679,-17.5,105.5
t0680,-17.5,110.5
t0681,-17.5,115.5
t0682,-17.5,120.5
t0683,-17.5,125.5
t0684,-17.5,130.5
t0685,-17.5,135.5
t0686,-17.5,140.5
t0687,-17.5,145.5
t0688,-17.5,150.5
t0689,-17.5,155.5
t0690,-17.5,160.5
t0691,-17.5,165.5
t0692,-17.5,170.5
t0693,-17.5,175.5
t0694,-17.5,180.5
t0695,-17.5,185.5
t0696,-17.5,190.5
t0697,-17.5,195.5
t0698,-17.5,200.5
t0699,-17.5,205.5
t0700,-17.5,210.5
t0701,-17.5,215.5
t0702,-17.5,220.5
t0703,-17.5,225.5
t0704,-17.5,230.5
t0705,-17.5,235.5
t0706,-17.5,240.5
t0707,-17.5,245.5
t0708,-17.5,250.5
t0709,-17.5,255.5
t0710,-17.5,260.5
t0711,-17.5,265.5
t0712,-17.5,270.5
t0713,-17.5,275.5
t0714,-17.5,280.5
t0715,-17.5,285.5
t0716,-17.5,290.5
t0717,-17.5,295.5
t0718,-17.5,300.5
t0719,-17.5,305.5
t0720,-17.5,310.5
t0721,-17.5,315.5
t0722,-17.5,320.5
t0723,-17.5,325.5
t0724,-17.5,330.5
t0725,-17.5,335.5
t0726,-17.5,340.5
t0727,-17.5,345.5
t0728,-17.5,350.5
t0729,-17.5,355.5
t0730,-17.5,360.5
t0731,-12.5,5.5
t0732,-12.5,10.5
t0733,-12.5,15.5
t0734,-12.5,20.5
t0735,-12.5,25.5
t0736,-12.5,30.5
t0737,-12.5,35.5
t0738,-12.5,40.5
t0739,-12.5,45.5
t0740,-12.5,50.5
t0741,-12.5,55.5
t0742,-12.5,60.5
t0743,-12.5,65.5
t0744,-12.5,70.5
t0745,-12.5,75.5
t0746,-12.5,80.5
t0747,-12.5,85.5
t0748,-12.5,90.5
t0749,-12.5,95.5
t0750,-12.5,100.5
t0751,-12.5,105.5
t0752,-12.5,110.5
t0753,-12.5,115.5
t0754,-12.5,120.5
t0755,-12.5,125.5
t0756,-12.5,130.5
t0757,-12.5,135.5
t0758,-12.5,140.5
t0759,-12.5,145.5
t0760,-12.5,150.5
t0761,-12.5,155.5
t0762,-12.5,160.5
t0763,-12.5,165.5
t0764,-12.5,170.5
t0765,-12.5,175.5
t0766,-12.5,180.5
t0767,-12.5,185.5
t0768,-12.5,190.5
t0769,-12.5,195.5
t0770,-12.5,200.5
t0771,-12.5,205.5
t0772,-12.5,210.5
t0773,-12.5,215.5
t0774,-12.5,220.5
t0775,-12.5,225.5
t0776,-12.5,230.5
t0777,-12.5,235.5
t0778,-12.5,240.5
t0779,-12.5,245.5
t0780,-12.5,250.5
t0781,-12.5,255.5
t0782,-12.5,260.5
t0783,-12.5,265.5
t0784,-12.5,270.5
t0785,-12.5,275.5
t0786,-12.5,280.5
t0787,-12.5,285.5
t0788,-12.5,290.5
t0789,-12.5,295.5
t0790,-12.5,300.5
t0791,-12.5,305.5
t0792,-12.5,310.5
t0793,-12.5,315.5
t0794,-12.5,320.5
t0795,-12.5,325.5
t0796,-12.5,330.5
t0797,-12.5,335.5
t0798,-12.5,340.5
t0799,-12.5,345.5
t0800,-12.5,350.5
t0801,-12.5,355.5
t0802,-12.5,360.5
t0803,-7.5,5.5
t0804,-7.5,10.5
t0805,-7.5,15.5
t0806,-7.5,20.5
t0807,-7.5,25.5
t0808,-7.5,30.5
t0809,-7.5,35.5
t0810,-7.5,40.5
t0811,-7.5,45.5
t0812,-7.5,50.5
t0813,-7.5,55.5
t0814,-7.5,60.5
t0815,-7.5,65.5
t0816,-7.5,70.5
t0817,-7.5,75.5
t0818,-7.5,80.5
t0819,-7.5,85.5
t0820,-7.5,90.5
t0821,-7.5,95.5
t0822,-7.5,100.5
t0823,-7.5,105.5
t0824,-7.5,110.5
t0825,-7.5,115.5
t0826,-7.5,120.5
t0827,-7.5,125.5
t0828,-7.5,130.5
t0829,-7.5,135.5
t0830,-7.5,140.5
t0831,-7.5,145.5
t0832,-7.5,150.5
t0833,-7.5,155.5
t0834,-7.5,160.5
t0835,-7.5,165.5
t0836,-7.5,170.5
t0837,-7.5,175.5
t0838,-7.5,180.5
t0839,-7.5,185.5
t0840,-7.5,190.5
t0841,-7.5,195.5
t0842,-7.5,200.5
t0843,-7.5,205.5
t0844,-7.5,210.5
t0845,-7.5,215.5
t0846,-7.5,220.5
t0847,-7.5,225.5
t0848,-7.5,230.5
t0849,-7.5,235.5
t0850,-7.5,240.5
t0851,-7.5,245.5
t0852,-7.5,250.5
t0853,-7.5,255.5
t0854,-7.5,260.5
t0855,-7.5,265.5
t0856,-7.5,270.5
t0857,-7.5,275.5
t0858,-7.5,280.5
t0859,-7.5,285.5
t0860,-7.5,290.5
t0861,-7.5,295.5
t0862,-7.5,300.5
t0863,-7.5,305.5
t0864,-7.5,310.5
t0865,-7.5,315.5
t0866,-7.5,320.5
t0867,-7.5,325.5
t0868,-7.5,330.5
t0869,-7.5,335.5
t0870,-7.5,340.5
t0871,-7.5,345.5
t0872,-7.5,350.5
t0873,-7.5,355.5
t0874,-7.5,360.5
t0875,-2.5,5.5
t0876,-2.5,10.5
t0877,-2.5,15.5
t0878,-2.5,20.5
t0879,-2.5,25.5
t0880,-2.5,30.5
t0881,-2.5,35.5
t0882,-2.5,40.5
t0883,-2.5,45.5
t0884,-2.5,50.5
t0885,-2.5,55.5
t0886,-2.5,60.5
t0887,-2.5,65.5
t0888,-2.5,70.5
t0889,-2.5,75.5
t0890,-2.5,80.5
t0891,-2.5,85.5
t0892,-2.5,90.5
t0893,-2.5,95.5
t0894,-2.5,100.5
t0895,-2.5,105.5
t0896,-2.5,110.5
t0897,-2.5,115.5
t0898,-2.5,120.5
t0899,-2.5,125.5
t0900,-2.5,130.5
t0901,-2.5,135.5
t0902,-2.5,140.5
t0903,-2.5,145.5
t0904,-2.5,150.5
t0905,-2.5,155.5
t0906,-2.5,160.5
t0907,-2.5,165.5
t0908,-2.5,170.5
t0909,-2.5,175.5
t0910,-2.5,180.5
t0911,-2.5,185.5
t0912,-2.5,190.5
t0913,-2.5,195.5
t0914,-2.5,200.5
t0915,-2.5,205.5
t0916,-2.5,210.5
t0917,-2.5,215.5
t0918,-2.5,220.5
t0919,-2.5,225.5
t0920,-2.5,230.5
t0921,-2.5,235.5
t0922,-2.5,240.5
t0923,-2.5,245.5
t0924,-2.5,250.5
t0925,-2.5,255.5
t0926,-2.5,260.5
t0927,-2.5,265.5
t0928,-2.5,270.5
t0929,-2.5,275.5
t0930,-2.5,280.5
t0931,-2.5,285.5
t0932,-2.5,290.5
t0933,-2.5,295.5
t0934,-2.5,300.5
t0935,-2.5,305.5
t0936,-2.5,310.5
t0937,-2.5,315.5
t0938,-2.5,320.5
t0939,-2.5,325.5
t0940,-2.5,330.5
t0941,-2.5,335.5
t0942,-2.5,340.5
t0943,-2.5,345.5
t0944,-2.5,350.5
t0945,-2.5,355.5
t0946,-2.5,360.5
t0947,2.5,5.5
t0948,2.5,10.5
t0949,2.5,15.5
t0950,2.5,20.5
t0951,2.5,25.5
t0952,2.5,30.5
t0953,2.5,35.5
t0954,2.5,40.5
t0955,2.5,45.5
t0956,2.5,50.5
t0957,2.5,55.5
t0958,2.5,60.5
t0959,2.5,65.5
t0960,2.5,70.5
t0961,2.5,75.5
t0962,2.5,80.5
t0963,2.5,85.5
t0964,2.5,90.5
t0965,2.5,95.5
t0966,2.5,100.5
t0967,2.5,105.5
t0968,2.5,110.5
t0969,2.5,115.5
t0970,2.5,120.5
t0971,2.5,125.5
t0972,2.5,130.5
t0973,2.5,135.5
t0974,2.5,140.5
t0975,2.5,145.5
t0976,2.5,150.5
t0977,2.5,155.5
t0978,2.5,160.5
t0979,2.5,165.5
t0980,2.5,170.5
t0981,2.5,175.5
t0982,2.5,180.5
t0983,2.5,185.5
t0984,2.5,190.5
t0985,2.5,195.5
t0986,2.5,200.5
t0987,2.5,205.5
t0988,2.5,210.5
t0989,2.5,215.5
t0990,2.5,220.5
t0991,2.5,225.5
t0992,2.5,230.5
t0993,2.5,235.5
t0994,2.5,240.5
t0995,2.5,245.5
t0996,2.5,250.5
t0997,2.5,255.5
t0998,2.5,260.5
t0999,2.5,265.5
t1000,2.5,270.5
t1001,2.5,275.5
t1002,2.5,280.5
t1003,2.5,285.5
t1004,2.5,290.5
t1005,2.5,295.5
t1006,2.5,300.5
t1007,2.5,305.5
t1008,2.5,310.5
t1009,2.5,315.5
t1010,2.5,320.5
t1011,2.5,325.5
t1012,2.5,330.5
t1013,2.5,335.5
t1014,2.5,340.5
t1015,2.5,345.5
t1016,2.5,350.5
t1017,2.5,355.5
t1018,2.5,360.5
t1019,7.5,5.5
t1020,7.5,10.5
t1021,7.5,15.5
t1022,7.5,20.5
t1023,7.5,25.5
t1024,7.5,30.5
t1025,7.5,35.5
t1026,7.5,40.5
t1027,7.5,45.5
t1028,7.5,50.5
t1029,7.5,55.5
t1030,7.5,60.5
t1031,7.5,65.5
t1032,7.5,70.5
t1033,7.5,75.5
t1034,7.5,80.5
t1035,7.5,85.5
t1036,7.5,90.5
t1037,7.5,95.5
t1038,7.5,100.5
t1039,7.5,105.5
t1040,7.5,110.5
t1041,7.5,115.5
t1042,7.5,120.5
t1043,7.5,125.5
t1044,7.5,130.5
t1045,7.5,135.5
t1046,7.5,140.5
t1047,7.5,145.5
t1048,7.5,150.5
t1049,7.5,155.5
t1050,7.5,160.5
t1051,7.5,165.5
t1052,7.5,170.5
t1053,7.5,175.5
t1054,7.5,180.5
t1055,7.5,185.5
t1056,7.5,190.5
t1057,7.5,195.5
t1058,7.5,200.5
t1059,7.5,205.5
t1060,7.5,210.5
t1061,7.5,215.5
t1062,7.5,220.5
t1063,7.5,225.5
t1064,7.5,230.5
t1065,7.5,235.5
t1066,7.5,240.5
t1067,7.5,245.5
t1068,7.5,250.5
t1069,7.5,255.5
t1070,7.5,260.5
t1071,7.5,265.5
t1072,7.5,270.5
t1073,7.5,275.5
t1074,7.5,280.5
t1075,7.5,285.5
t1076,7.5,290.5
t1077,7.5,295.5
t1078,7.5,300.5
t1079,7.5,305.5
t1080,7.5,310.5
t1081,7.5,315.5
t1082,7.5,320.5
t1083,7.5,325.5
t1084,7.5,330.5
t1085,7.5,335.5
t1086,7.5,340.5
t1087,7.5,345.5
t1088,7.5,350.5
t1089,7.5,355.5
t1090,7.5,360.5
t1091,12.5,5.5
t1092,12.5,10.5
t1093,12.5,15.5
t1094,12.5,20.5
t1095,12.5,25.5
t1096,12.5,30.5
t1097,12.5,35.5
t1098,12.5,40.5
t1099,12.5,45.5
t1100,12.5,50.5
t1101,12.5,55.5
t1102,12.5,60.5
t1103,12.5,65.5
t1104,12.5,70.5
t1105,12.5,75.5
t1106,12.5,80.5
t1107,12.5,85.5
t1108,12.5,90.5
t1109,12.5,95.5
t1110,12.5,100.5
t1111,12.5,105.5
t1112,12.5,110.5
t1113,12.5,115.5
t1114,12.5,120.5
t1115,12.5,125.5
t1116,12.5,130.5
t1117,12.5,135.5
t1118,12.5,140.5
t1119,12.5,145.5
t1120,12.5,150.5
t1121,12.5,155.5
t1122,12.5,160.5
t1123,12.5,165.5
t1124,12.5,170.5
t1125,12.5,175.5
t1126,12.5,180.5
t1127,12.5,185.5
t1128,12.5,190.5
t1129,12.5,195.5
t1130,12.5,200.5
t1131,12.5,205.5
t1132,12.5,210.5
t1133,12.5,215.5
t1134,12.5,220.5
t1135,12.5,225.5
t1136,12.5,230.5
t1137,12.5,235.5
t1138,12.5,240.5
t1139,12.5,245.5
t1140,12.5,250.5
t1141,12.5,255.5
t1142,12.5,260.5
t1143,12.5,265.5
t1144,12.5,270.5
t1145,12.5,275.5
t1146,12.5,280.5
t1147,12.5,285.5
t1148,12.5,290.5
t1149,12.5,295.5
t1150,12.5,300.5
t1151,12.5,305.5
t1152,12.5,310.5
t1153,12.5,315.5
t1154,12.5,320.5
t1155,12.5,325.5
t1156,12.5,330.5
t1157,12.5,335.5
t1158,12.5,340.5
t1159,12.5,345.5
t1160,12.5,350.5
t1161,12.5,355.5
t1162,12.5,360.5
t1163,17.5,5.5
t1164,17.5,10.5
t1165,17.5,15.5
t1166,17.5,20.5
t1167,17.5,25.5
t1168,17.5,30.5
t1169,17.5,35.5
t1170,17.5,40.5
t1171,17.5,45.5
t1172,17.5,50.5
t1173,17.5,55.5
t1174,17.5,60.5
t1175,17.5,65.5
t1176,17.5,70.5
t1177,17.5,75.5
t1178,17.5,80.5
t1179,17.5,85.5
t1180,17.5,90.5
t1181,17.5,95.5
t1182,17.5,100.5
t1183,17.5,105.5
t1184,17.5,110.5
t1185,17.5,115.5
t1186,17.5,120.5
t1187,17.5,125.5
t1188,17.5,130.5
t1189,17.5,135.5
t1190,17.5,140.5
t1191,17.5,145.5
t1192,17.5,150.5
t1193,17.5,155.5
t1194,17.5,160.5
t1195,17.5,165.5
t1196,17.5,170.5
t1197,17.5,175.5
t1198,17.5,180.5
t1199,17.5,185.5
t1200,17.5,190.5
t1201,17.5,195.5
t1202,17.5,200.5
t1203,17.5,205.5
t1204,17.5,210.5
t1205,17.5,215.5
t1206,17.5,220.5
t1207,17.5,225.5
t1208,17.5,230.5
t1209,17.5,235.5
t1210,17.5,240.5
t1211,17.5,245.5
t1212,17.5,250.5
t1213,17.5,255.5
t1214,17.5,260.5
t1215,17.5,265.5
t1216,17.5,270.5
t1217,17.5,275.5
t1218,17.5,280.5
t1219,17.5,285.5
t1220,17.5,290.5
t1221,17.5,295.5
t1222,17.5,300.5
t1223,17.5,305.5
t1224,17.5,310.5
t1225,17.5,315.5
t1226,17.5,320.5
t1227,17.5,325.5
t1228,17.5,330.5
t1229,17.5,335.5
t1230,17.5,340.5
t1231,17.5,345.5
t1232,17.5,350.5
t1233,17.5,355.5
t1234,17.5,360.5
t1235,22.5,5.5
t1236,22.5,10.5
t1237,22.5,15.5
t1238,22.5,20.5
t1239,22.5,25.5
t1240,22.5,30.5
t1241,22.5,35.5
t1242,22.5,40.5
t1243,22.5,45.5
t1244,22.5,50.5
t1245,22.5,55.5
t1246,22.5,60.5
t1247,22.5,65.5
t1248,22.5,70.5
t1249,22.5,75.5
t1250,22.5,80.5
t1251,22.5,85.5
t1252,22.5,90.5
t1253,22.5,95.5
t1254,22.5,100.5
t1255,22.5,105.5
t1256,22.5,110.5
t1257,22.5,115.5
t1258,22.5,120.5
t1259,22.5,125.5
t1260,22.5,130.5
t1261,22.5,135.5
t1262,22.5,140.5
t1263,22.5,145.5
t1264,22.5,150.5
t1265,22.5,155.5
t1266,22.5,160.5
t1267,22.5,165.5
t1268,22.5,170.5
t1269,22.5,175.5
t1270,22.5,180.5
t1271,22.5,185.5
t1272,22.5,190.5
t1273,22.5,195.5
t1274,22.5,200.5
t1275,22.5,205.5
t1276,22.5,210.5
t1277,22.5,215.5
t1278,22.5,220.5
t1279,22.5,225.5
t1280,22.5,230.5
t1281,22.5,235.5
t1282,22.5,240.5
t1283,22.5,245.5
t1284,22.5,250.5
t1285,22.5,255.5
t1286,22.5,260.5
t1287,22.5,265.5
t1288,22.5,270.5
t1289,22.5,275.5
t1290,22.5,280.5
t1291,22.5,285.5
t1292,22.5,290.5
t1293,22.5,295.5
t1294,22.5,300.5
t1295,22.5,305.5
t1296,22.5,310.5
t1297,22.5,315.5
t1298,22.5,320.5
t1299,22.5,325.5
t1300,22.5,330.5
t1301,22.5,335.5
t1302,22.5,340.5
t1303,22.5,345.5
t1304,22.5,350.5
t1305,22.5,355.5
t1306,22.5,360.5
t1307,27.5,5.5
t1308,27.5,10.5
t1309,27.5,15.5
t1310,27.5,20.5
t1311,27.5,25.5
t1312,27.5,30.5
t1313,27.5,35.5
t1314,27.5,40.5
t1315,27.5,45.5
t1316,27.5,50.5
t1317,27.5,55.5
t1318,27.5,60.5
t1319,27.5,65.5
t1320,27.5,70.5
t1321,27.5,75.5
t1322,27.5,80.5
t1323,27.5,85.5
t1324,27.5,90.5
t1325,27.5,95.5
t1326,27.5,100.5
t1327,27.5,105.5
t1328,27.5,110.5
t1329,27.5,115.5
t1330,27.5,120.5
t1331,27.5,125.5
t1332,27.5,130.5
t1333,27.5,135.5
t1334,27.5,140.5
t1335,27.5,145.5
t1336,27.5,150.5
t1337,27.5,155.5
t1338,27.5,160.5
t1339,27.5,165.5
t1340,27.5,170.5
t1341,27.5,175.5
t1342,27.5,180.5
t1343,27.5,185.5
t1344,27.5,190.5
t1345,27.5,195.5
t1346,27.5,200.5
t1347,27.5,205.5
t1348,27.5,210.5
t1349,27.5,215.5
t1350,27.5,220.5
t1351,27.5,225.5
t1352,27.5,230.5
t1353,27.5,235.5
t1354,27.5,240.5
t1355,27.5,245.5
t1356,27.5,250.5
t1357,27.5,255.5
t1358,27.5,260.5
t1359,27.5,265.5
t1360,27.5,270.5
t1361,27.5,275.5
t1362,27.5,280.5
t1363,27.5,285.5
t1364,27.5,290.5
t1365,27.5,295.5
t1366,27.5,300.5
t1367,27.5,305.5
t1368,27.5,310.5
t1369,27.5,315.5
t1370,27.5,320.5
t1371,27.5,325.5
t1372,27.5,330.5
t1373,27.5,335.5
t1374,27.5,340.5
t1375,27.5,345.5
t1376,27.5,350.5
t1377,27.5,355.5
t1378,27.5,360.5
t1379,32.5,5.5
t1380,32.5,10.5
t1381,32.5,15.5
t1382,32.5,20.5
t1383,32.5,25.5
t1384,32.5,30.5
t1385,32.5,35.5
t1386,32.5,40.5
t1387,32.5,45.5
t1388,32.5,50.5
t1389,32.5,55.5
t1390,32.5,60.5
t1391,32.5,65.5
t1392,32.5,70.5
t1393,32.5,75.5
t1394,32.5,80.5
t1395,32.5,85.5
t1396,32.5,90.5
t1397,32.5,95.5
t1398,32.5,100.5
t1399,32.5,105.5
t1400,32.5,110.5
t1401,32.5,115.5
t1402,32.5,120.5
t1403,32.5,125.5
t1404,32.5,130.5
t1405,32.5,135.5
t1406,32.5,140.5
t1407,32.5,145.5
t1408,32.5,150.5
t1409,32.5,155.5
t1410,32.5,160.5
t1411,32.5,165.5
t1412,32.5,170.5
t1413,32.5,175.5
t1414,32.5,180.5
t1415,32.5,185.5
t1416,32.5,190.5
t1417,32.5,195.5
t1418,32.5,200.5
t1419,32.5,205.5
t1420,32.5,210.5
t1421,32.5,215.5
t1422,32.5,220.5
t1423,32.5,225.5
t1424,32.5,230.5
t1425,32.5,235.5
t1426,32.5,240.5
t1427,32.5,245.5
t1428,32.5,250.5
t1429,32.5,255.5
t1430,32.5,260.5
t1431,32.5,265.5
t1432,32.5,270.5
t1433,32.5,275.5
t1434,32.5,280.5
t1435,32.5,285.5
t1436,32.5,290.5
t1437,32.5,295.5
t1438,32.5,300.5
t1439,32.5,305.5
t1440,32.5,310.5
t1441,32.5,315.5
t1442,32.5,320.5
t1443,32.5,325.5
t1444,32.5,330.5
t1445,32.5,335.5
t1446,32.5,340.5
t1447,32.5,345.5
t1448,32.5,350.5
t1449,32.5,355.5
t1450,32.5,360.5
t1451,37.5,5.5
t1452,37.5,10.5
t1453,37.5,15.5
t1454,37.5,20.5
t1455,37.5,25.5
t1456,37.5,30.5
t1457,37.5,35.5
t1458,37.5,40.5
t1459,37.5,45.5
t1460,37.5,50.5
t1461,37.5,55.5
t1462,37.5,60.5
t1463,37.5,65.5
t1464,37.5,70.5
t1465,37.5,75.5
t1466,37.5,80.5
t1467,37.5,85.5
t1468,37.5,90.5
t1469,37.5,95.5
t1470,37.5,100.5
t1471,37.5,105.5
t1472,37.5,110.5
t1473,37.5,115.5
t1474,37.5,120.5
t1475,37.5,125.5
t1476,37.5,130.5
t1477,37.5,135.5
t1478,37.5,140.5
t1479,37.5,145.5
t1480,37.5,150.5
t1481,37.5,155.5
t1482,37.5,160.5
t1483,37.5,165.5
t1484,37.5,170.5
t1485,37.5,175.5
t1486,37.5,180.5
t1487,37.5,185.5
t1488,37.5,190.5
t1489,37.5,195.5
t1490,37.5,200.5
t1491,37.5,205.5
t1492,37.5,210.5
t1493,37.5,215.5
t1494,37.5,220.5
t1495,37.5,225.5
t1496,37.5,230.5
t1497,37.5,235.5
t1498,37.5,240.5
t1499,37.5,245.5
t1500,37.5,250.5
t1501,37.5,255.5
t1502,37.5,260.5
t1503,37.5,265.5
t1504,37.5,270.5
t1505,37.5,275.5
t1506,37.5,280.5
t1507,37.5,285.5
t1508,37.5,290.5
t1509,37.5,295.5
t1510,37.5,300.5
t1511,37.5,305.5
t1512,37.5,310.5
t1513,37.5,315.5
t1514,37.5,320.5
t1515,37.5,325.5
t1516,37.5,330.5
t1517,37.5,335.5
t1518,37.5,340.5
t1519,37.5,345.5
t1520,37.5,350.5
t1521,37.5,355.5
t1522,37.5,360.5
t1523,42.5,5.5
t1524,42.5,10.5
t1525,42.5,15.5
t1526,42.5,20.5
t1527,42.5,25.5
t1528,42.5,30.5
t1529,42.5,35.5
t1530,42.5,40.5
t1531,42.5,45.5
t1532,42.5,50.5
t1533,42.5,55.5
t1534,42.5,60.5
t1535,42.5,65.5
t1536,42.5,70.5
t1537,42.5,75.5
t1538,42.5,80.5
t1539,42.5,85.5
t1540,42.5,90.5
t1541,42.5,95.5
t1542,42.5,100.5
t1543,42.5,105.5
t1544,42.5,110.5
t1545,42.5,115.5
t1546,42.5,120.5
t1547,42.5,125.5
t1548,42.5,130.5
t1549,42.5,135.5
t1550,42.5,140.5
t1551,42.5,145.5
t1552,42.5,150.5
t1553,42.5,155.5
t1554,42.5,160.5
t1555,42.5,165.5
t1556,42.5,170.5
t1557,42.5,175.5
t1558,42.5,180.5
t1559,42.5,185.5
t1560,42.5,190.5
t1561,42.5,195.5
t1562,42.5,200.5
t1563,42.5,205.5
t1564,42.5,210.5
t1565,42.5,215.5
t1566,42.5,220.5
t1567,42.5,225.5
t1568,42.5,230.5
t1569,42.5,235.5
t1570,42.5,240.5
t1571,42.5,245.5
t1572,42.5,250.5
t1573,42.5,255.5
t1574,42.5,260.5
t1575,42.5,265.5
t1576,42.5,270.5
t1577,42.5,275.5
t1578,42.5,280.5
t1579,42.5,285.5
t1580,42.5,290.5
t1581,42.5,295.5
t1582,42.5,300.5
t1583,42.5,305.5
t1584,42.5,310.5
t1585,42.5,315.5
t1586,42.5,320.5
t1587,42.5,325.5
t1588,42.5,330.5
t1589,42.5,335.5
t1590,42.5,340.5
t1591,42.5,345.5
t1592,42.5,350.5
t1593,42.5,355.5
t1594,42.5,360.5
t1595,47.5,5.5
t1596,47.5,10.5
t1597,47.5,15.5
t1598,47.5,20.5
t1599,47.5,25.5
t1600,47.5,30.5
t1601,47.5,35.5
t1602,47.5,40.5
t1603,47.5,45.5
t1604,47.5,50.5
t1605,47.5,55.5
t1606,47.5,60.5
t1607,47.5,65.5
t1608,47.5,70.5
t1609,47.5,75.5
t1610,47.5,80.5
t1611,47.5,85.5
t1612,47.5,90.5
t1613,47.5,95.5
t1614,47.5,100.5
t1615,47.5,105.5
t1616,47.5,110.5
t1617,47.5,115.5
t1618,47.5,120.5
t1619,47.5,125.5
t1620,47.5,130.5
t1621,47.5,135.5
t1622,47.5,140.5
t1623,47.5,145.5
t1624,47.5,150.5
t1625,47.5,155.5
t1626,47.5,160.5
t1627,47.5,165.5
t1628,47.5,170.5
t1629,47.5,175.5
t1630,47.5,180.5
t1631,47.5,185.5
t1632,47.5,190.5
t1633,47.5,195.5
t1634,47.5,200.5
t1635,47.5,205.5
t1636,47.5,210.5
t1637,47.5,215.5
t1638,47.5,220.5
t1639,47.5,225.5
t1640,47.5,230.5
t1641,47.5,235.5
t1642,47.5,240.5
t1643,47.5,245.5
t1644,47.5,250.5
t1645,47.5,255.5
t1646,47.5,260.5
t1647,47.5,265.5
t1648,47.5,270.5
t1649,47.5,275.5
t1650,47.5,280.5
t1651,47.5,285.5
t1652,47.5,290.5
t1653,47.5,295.5
t1654,47.5,300.5
t1655,47.5,305.5
t1656,47.5,310.5
t1657,47.5,315.5
t1658,47.5,320.5
t1659,47.5,325.5
t1660,47.5,330.5
t1661,47.5,335.5
t1662,47.5,340.5
t1663,47.5,345.5
t1664,47.5,350.5
t1665,47.5,355.5
t1666,47.5,360.5
t1667,52.5,5.5
t1668,52.5,12.5
t1669,52.5,19.5
t1670,52.5,25.5
t1671,52.5,32.5
t1672,52.5,39.5
t1673,52.5,45.5
t1674,52.5,52.5
t1675,52.5,59.5
t1676,52.5,65.5
t1677,52.5,72.5
t1678,52.5,79.5
t1679,52.5,85.5
t1680,52.5,92.5
t1681,52.5,99.5
t1682,52.5,105.5
t1683,52.5,112.5
t1684,52.5,119.5
t1685,52.5,125.5
t1686,52.5,132.5
t1687,52.5,139.5
t1688,52.5,145.5
t1689,52.5,152.5
t1690,52.5,159.5
t1691,52.5,165.5
t1692,52.5,172.5
t1693,52.5,179.5
t1694,52.5,185.5
t1695,52.5,192.5
t1696,52.5,199.5
t1697,52.5,205.5
t1698,52.5,212.5
t1699,52.5,219.5
t1700,52.5,225.5
t1701,52.5,232.5
t1702,52.5,239.5
t1703,52.5,245.5
t1704,52.5,252.5
t1705,52.5,259.5
t1706,52.5,265.5
t1707,52.5,272.5
t1708,52.5,279.5
t1709,52.5,285.5
t1710,52.5,292.5
t1711,52.5,299.5
t1712,52.5,305.5
t1713,52.5,312.5
t1714,52.5,319.5
t1715,52.5,325.5
t1716,52.5,332.5
t1717,52.5,339.5
t1718,52.5,345.5
t1719,52.5,352.5
t1720,52.5,359.5
t1721,57.5,5.5
t1722,57.5,12.5
t1723,57.5,19.5
t1724,57.5,25.5
t1725,57.5,32.5
t1726,57.5,39.5
t1727,57.5,45.5
t1728,57.5,52.5
t1729,57.5,59.5
t1730,57.5,65.5
t1731,57.5,72.5
t1732,57.5,79.5
t1733,57.5,85.5
t1734,57.5,92.5
t1735,57.5,99.5
t1736,57.5,105.5
t1737,57.5,112.5
t1738,57.5,119.5
t1739,57.5,125.5
t1740,57.5,132.5
t1741,57.5,139.5
t1742,57.5,145.5
t1743,57.5,152.5
t1744,57.5,159.5
t1745,57.5,165.5
t1746,57.5,172.5
t1747,57.5,179.5
t1748,57.5,185.5
t1749,57.5,192.5
t1750,57.5,199.5
t1751,57.5,205.5
t1752,57.5,212.5
t1753,57.5,219.5
t1754,57.5,225.5
t1755,57.5,232.5
t1756,57.5,239.5
t1757,57.5,245.5
t1758,57.5,252.5
t1759,57.5,259.5
t1760,57.5,265.5
t1761,57.5,272.5
t1762,57.5,279.5
t1763,57.5,285.5
t1764,57.5,292.5
t1765,57.5,299.5
t1766,57.5,305.5
t1767,57.5,312.5
t1768,57.5,319.5
t1769,57.5,325.5
t1770,57.5,332.5
t1771,57.5,339.5
t1772,57.5,345.5
t1773,57.5,352.5
t1774,57.5,359.5
t1775,62.5,5.5
t1776,62.5,12.5
t1777,62.5,19.5
t1778,62.5,25.5
t1779,62.5,32.5
t1780,62.5,39.5
t1781,62.5,45.5
t1782,62.5,52.5
t1783,62.5,59.5
t1784,62.5,65.5
t1785,62.5,72.5
t1786,62.5,79.5
t1787,62.5,85.5
t1788,62.5,92.5
t1789,62.5,99.5
t1790,62.5,105.5
t1791,62.5,112.5
t1792,62.5,119.5
t1793,62.5,125.5
t1794,62.5,132.5
t1795,62.5,139.5
t1796,62.5,145.5
t1797,62.5,152.5
t1798,62.5,159.5
t1799,62.5,165.5
t1800,62.5,172.5
t1801,62.5,179.5
t1802,62.5,185.5
t1803,62.5,192.5
t1804,62.5,199.5
t1805,62.5,205.5
t1806,62.5,212.5
t1807,62.5,219.5
t1808,62.5,225.5
t1809,62.5,232.5
t1810,62.5,239.5
t1811,62.5,245.5
t1812,62.5,252.5
t1813,62.5,259.5
t1814,62.5,265.5
t1815,62.5,272.5
t1816,62.5,279.5
t1817,62.5,285.5
t1818,62.5,292.5
t1819,62.5,299.5
t1820,62.5,305.5
t1821,62.5,312.5
t1822,62.5,319.5
t1823,62.5,325.5
t1824,62.5,332.5
t1825,62.5,339.5
t1826,62.5,345.5
t1827,62.5,352.5
t1828,62.5,359.5
t1829,67.5,7.5
t1830,67.5,17.5
t1831,67.5,27.5
t1832,67.5,37.5
t1833,67.5,47.5
t1834,67.5,57.5
t1835,67.5,67.5
t1836,67.5,77.5
t1837,67.5,87.5
t1838,67.5,97.5
t1839,67.5,107.5
t1840,67.5,117.5
t1841,67.5,127.5
t1842,67.5,137.5
t1843,67.5,147.5
t1844,67.5,157.5
t1845,67.5,167.5
t1846,67.5,177.5
t1847,67.5,187.5
t1848,67.5,197.5
t1849,67.5,207.5
t1850,67.5,217.5
t1851,67.5,227.5
t1852,67.5,237.5
t1853,67.5,247.5
t1854,67.5,257.5
t1855,67.5,267.5
t1856,67.5,277.5
t1857,67.5,287.5
t1858,67.5,297.5
t1859,67.5,307.5
t1860,67.5,317.5
t1861,67.5,327.5
t1862,67.5,337.5
t1863,67.5,347.5
t1864,67.5,357.5
