class,kind,source,tile_id,polygon_id,n_px,m2,m3,m4,m5,m6,m7,m8,m9,m10,m11,m12,m13,m14,m15,m16,m17,m18,m19,m20,m21,m22,m23,m24,m25,m26,m27,m28,m29,m30,m31,m32,m33,m34,m35,m36,m37,m38,m39,m40,m41,m42,m43,m44,m45,m46,m47,m48,m49,m50,m51,m52,m53,m54,m55,m56,m57,m58
olivine,medoid,hand,t0364,191,99,0.08728623465456144,0.15048763140885515,0.1628762777104522,0.17006725178222465,0.1886749284134971,0.18883677985933092,0.19038776662012544,0.1872990569382003,0.18583661287721961,0.1841118507313006,0.18187800185246902,0.1755614976088206,0.17558908763557973,0.16808293323324183,0.17770533353993387,0.16852690565465678,0.1745948294798533,0.15217721101009485,0.17290807793838808,0.1761762641295038,0.1770846178435316,0.17656554763365273,0.1758486493067308,0.17734456950365896,0.17798395575297,0.17846511199016762,0.1758665048112773,0.17801838797150235,0.1851525397011728,0.18526564673943954,0.18598406859720595,0.18470467160446474,0.19019861865525295,0.1939570146678674,0.19788188178731939,0.19214307750114287,0.19399039658031078,0.1917544421222475,0.18866885280368303,0.1912070864980871,0.1939110868807995,0.19148189296024015,0.19206834004984963,0.20034051393017624,0.19287451695312152,0.19330131480790147,0.19251190095838874,0.19152508269656787,0.1932985514703423,0.192691756920381,0.19416750711624067,0.19179506133301089,0.19159286552005345,0.1933764350233656,0.1919762556902086,0.1950035322495181,0.1970156712664498
olivine,candidate2,hand,t0433,83,75,0.07517169574896494,0.1289997402826945,0.14067616065343222,0.1503035012880961,0.16549342234929404,0.1651301485300064,0.16586029867331187,0.1633791567881902,0.1607653973499934,0.16102901021639507,0.15762054661909738,0.1513545161485672,0.151862384279569,0.14612398008505503,0.15515024681886036,0.14430865943431853,0.1509434203306834,0.12699772129456202,0.15027463535467783,0.1529559067885081,0.1534741848707199,0.15450754821300505,0.15261377215385438,0.1532029871145884,0.15420066793759665,0.15515054007371268,0.15283621807893116,0.15497698962688447,0.1602211610476176,0.16062490344047547,0.16129508515199026,0.1595368488629659,0.1642056792974472,0.1650753438472748,0.17113577008247374,0.16550353308518728,0.16612492640813192,0.16502885043621063,0.1616411159435908,0.16621280054251353,0.16730068544546764,0.16500918169816334,0.16507056772708892,0.17087218781312308,0.16527896702289582,0.16580067853132885,0.16498434841632842,0.1648410052061081,0.166619863708814,0.16632044712702435,0.16764271835486094,0.1657010320822398,0.16544010500113168,0.16619370102882386,0.16576868931452432,0.16807025035222373,0.1664594042301178
olivine,candidate3,hand,t0435,69,52,0.07602644840685222,0.13076001076171032,0.14213870465755463,0.15154789273555463,0.16637181691252267,0.16691372428949064,0.16835590767172667,0.16484706590955073,0.16258943252838576,0.16046054718586114,0.15897637319106322,0.1531024552308596,0.15264819848995942,0.14650121015998033,0.15483762896977937,0.14507398009300232,0.15280491600816065,0.13266801389937216,0.15163916206130615,0.15522290680270928,0.15449688039146936,0.15472918892135987,0.1541226145166617,0.15531470340031844,0.15674152397192442,0.1566061979302993,0.15465539665176317,0.1569049498782708,0.1623847017494532,0.16124084505897301,0.16089902703578657,0.15971139617837393,0.1665437467969381,0.1680949519460018,0.1706012599170208,0.1657495710712213,0.16835940858492485,0.16644930467009544,0.16387438802764967,0.16647465756306282,0.16864298198085564,0.16665647379480875,0.1635300603050452,0.1750219355408962,0.16858834945238554,0.16775370074006227,0.16787515637966302,0.16754060209943697,0.1691689511331228,0.16896316237174547,0.1712197489463366,0.16913205929673636,0.16844459709066611,0.16970021793475518,0.16931128186675218,0.17227612407161638,0.17263061782488456
olivine,candidate4,hand,t0433,88,109,0.0867805288198891,0.1476238924975789,0.16128952473128608,0.17072539687703508,0.18976436992850873,0.18986467306220203,0.19169793175447972,0.1893002168027633,0.18645406644278711,0.18676926728782303,0.1835433706777905,0.1769810119353303,0.17787290343997675,0.16983336087213743,0.17673629262578597,0.1678261339937875,0.1750230595059351,0.14568074635409434,0.17372721296931626,0.177224560068288,0.17811983591372813,0.17845133835569435,0.17768384502568377,0.17824638559730774,0.1800681266489379,0.18036657653817342,0.17760505588776473,0.17924103578296277,0.18452011691320927,0.1842294909538479,0.18448116719175917,0.18337826649530217,0.18781707962171748,0.1914005019796004,0.196606117924419,0.1918641577620025,0.1929212037576448,0.19166424036572832,0.18723184676892166,0.1906142389282174,0.19104932385300277,0.19024451965585762,0.19095637710816268,0.19605487106590097,0.19477027668318617,0.19426014855367327,0.19396396965608684,0.1931420047895624,0.19409642935892857,0.19385119137960835,0.1954342084466864,0.1935753168862894,0.19338952264654527,0.19407419668971945,0.19317316147712393,0.19527735718346517,0.195604545397496
olivine,candidate5,hand,t0435,450,17,0.08485091521459467,0.14495778609724605,0.1528620842625113,0.1644462741473142,0.1807187979712206,0.18073285239584305,0.18127000770148108,0.1777856814510682,0.1758766340858796,0.1740697236622081,0.17187652079498067,0.16542483427945306,0.16564910464427052,0.1581632012830061,0.16632483724285574,0.15546572646673987,0.16425742910188787,0.13941324458402746,0.16317816955201767,0.1657255651319728,0.1662202942020753,0.1656805215513005,0.16670670491807602,0.16678671012906468,0.16885688024408677,0.16861524301416733,0.1666699849507388,0.16847826452816234,0.175035900052856,0.1759651706499212,0.17649491218959584,0.17544041661655202,0.18063260877833648,0.18432679421761455,0.18747522112201243,0.18102260372217963,0.18403140499311335,0.18106545946177313,0.17884786076405468,0.18120317949968226,0.18219850782085867,0.18195325311492472,0.18218902717618382,0.18933316451661727,0.1823865070062525,0.18342905710725224,0.18282253689625683,0.18154655484592214,0.1837209857562009,0.18567704014918385,0.18459601086728714,0.18398684964460485,0.18268957208184636,0.18504551929586074,0.18464759693426244,0.1876612629960565,0.18840252038310557
olivine,discriminative,reassigned,t1322,1437827028,106,0.07754633048514151,0.11890677749267164,0.13030506663446156,0.12778922620246996,0.13704267762741953,0.1300124559059458,0.12529745958042596,0.11980047337007972,0.11580231012600772,0.11533455817766909,0.11184597697179273,0.10618362182153845,0.10505029376385347,0.09962456153248841,0.10840026064301436,0.09726452447895734,0.10303433380036983,0.07666334074060872,0.09988976305104652,0.09909652187576834,0.09623935692152887,0.09629089181434433,0.09582650176477882,0.09578374471023397,0.09538470869356731,0.09592773238161825,0.09304872330910754,0.0940884788924793,0.09833451248002502,0.10149111394893448,0.10534119050738946,0.10523395233278005,0.1166058711285861,0.13082649607984526,0.1370442970040834,0.13931865772267557,0.14943407532179132,0.15078131559322466,0.14938703699494307,0.1506979099984439,0.15405470160943158,0.15190122065679082,0.15144450850081895,0.15909963213610198,0.15495721461637965,0.15435167071673106,0.15430060535107018,0.15270158507913914,0.15306216689213267,0.15182669924677544,0.1514006383576483,0.14869013358399552,0.14732864112505373,0.14980747923254967,0.14902330913914824,0.1508729431145596,0.1504117207566522
lcp,medoid,hand,t0603,29,130,0.0822044557103744,0.14133233840648946,0.1562355467906365,0.1613972640954531,0.1791480563007868,0.17984822828036087,0.18151176869869232,0.17850892750116495,0.17655792958461322,0.17420089187530371,0.17194406745525506,0.16589307017051258,0.16625965042756155,0.16010351822926447,0.17082183051567812,0.15782590153125617,0.16766687677456782,0.14802431137515948,0.1662631665284817,0.17014882518694951,0.17078747554467275,0.17060655768101032,0.16985985338687898,0.17051929155221351,0.1721821156831888,0.1716318905353546,0.16804256530908437,0.16937091041069766,0.17356202132426776,0.17221758526105146,0.17128983529714437,0.17002469278298893,0.17227325829175802,0.17173056923426114,0.17540891709235998,0.16869158985523078,0.1693833345404038,0.16684275670693471,0.16178778203634114,0.1653392486847364,0.16566572040319444,0.16606989537294095,0.1661359502718999,0.1701921018270346,0.16850279156978315,0.16790725955596336,0.16792507263330314,0.16752493461737267,0.16876368579956202,0.1689688000541467,0.17111532791302755,0.16945758095154395,0.16896753655030178,0.1696951401921419,0.16961503063256925,0.1723571110230226,0.17315723082193962
lcp,candidate2,hand,t0525,146,62,0.08395796737843944,0.14867895336881762,0.16183931765056425,0.16994612351540597,0.18538148316644854,0.18603465850314788,0.18742312010257475,0.183764201739142,0.1807865666285638,0.17878495661481733,0.17574767552075848,0.17018714787498598,0.16980483455042686,0.16315752243803394,0.17244287844627135,0.16101491379161034,0.17076236922894755,0.1510656298168244,0.16915489444809576,0.1738875140586207,0.17502275782246743,0.1749283688202981,0.174218148954453,0.17498445919444483,0.17620079964399338,0.17596810094771848,0.1719748288873703,0.17351683974266052,0.17706351919520286,0.17599184017988942,0.17472101219238773,0.17376338522280416,0.1744467849212308,0.17485375462039823,0.18198970296690542,0.1733436901723185,0.17248595049304347,0.16964946182504778,0.1658693628926431,0.1693925446560306,0.1713745863206925,0.16903069447125157,0.16782827483069512,0.17634699421544228,0.16943255042837513,0.1689594647576732,0.16909878676937473,0.16926615204541914,0.17015763612524157,0.1704031829872439,0.1720277357005304,0.17006656695758143,0.1696265476845926,0.17061683006824985,0.170021653175354,0.17284811840903375,0.17354571939476074
lcp,candidate3,hand,t0601,60,379,0.08854466033878301,0.14763726026684754,0.16014042555656785,0.1677570249443004,0.18535593875479886,0.18539236352280136,0.18714419805437404,0.18365544745192364,0.18158308623019498,0.18076846632605179,0.17808773394153113,0.17136091933558673,0.17116738104883158,0.16536136938745555,0.17466233568487194,0.16282947652415425,0.17193561690149334,0.14988962167721626,0.17131784141535494,0.1758291912031677,0.17642823655875817,0.17671712721872457,0.1757831739797441,0.17623946809831584,0.17734519980041835,0.178310065557271,0.17487516248289073,0.1765317997863236,0.18248846120444326,0.18039204251011318,0.1794945757669006,0.1777681300224918,0.1797554662013746,0.17903349688153783,0.18174619264998976,0.17589066930528052,0.1756754771543367,0.1727876062050344,0.16789368435858423,0.17128175418420957,0.1715670189866919,0.17036095540724833,0.1731203628954598,0.1752317667715153,0.17149897890858412,0.17135293451494152,0.17141434955250934,0.17122047970508836,0.17246385237157816,0.17265561637824947,0.17409432767878108,0.17226581774789615,0.17161143820801636,0.1726838739927966,0.1724141803533232,0.17497150462346844,0.17561780938529717
lcp,candidate4,hand,t0670,36,203,0.08037765709490612,0.1391797098766994,0.15673441017789794,0.1621494150807705,0.1779702426911575,0.17971691320388775,0.1820197910657657,0.17961560997176054,0.17724752536254562,0.17654660476252362,0.1728373594912402,0.16599139534487514,0.16607398514089913,0.16067355981307663,0.16964017588810382,0.15969818478147385,0.168374763260334,0.14883537986889261,0.16863054015072695,0.1717899725061332,0.17248951309713825,0.17199063161617428,0.17104733460055196,0.1712875800032921,0.1724927266830294,0.1722914474497875,0.1690764022724969,0.17034007572188167,0.17489803975145218,0.17288139858856577,0.1717087701330044,0.17009521022512408,0.1721560946239039,0.17122498807942338,0.1766217233512202,0.1683831429246611,0.16872104694103374,0.16634552122043272,0.16235575843327152,0.16597701374239524,0.16717766254699876,0.16615959833114605,0.16744269437977832,0.171265437171377,0.1671663424357992,0.16700789677392086,0.16706120997226884,0.1663403770900125,0.16767351725712198,0.16775852786789974,0.1690337456799493,0.16742015222610512,0.16697624281709417,0.16781294933093593,0.16680942519838587,0.1689203062227794,0.16881137021950313
lcp,candidate5,hand,t0670,181,354,0.08391554487374543,0.14455412239846538,0.15845817060204548,0.17058721409931696,0.18402814288428948,0.18519892421482648,0.18723503969567643,0.18438309096431327,0.18174741141455994,0.17945200078568216,0.17632178823321554,0.16998499772895528,0.16974152494116693,0.1643403842624298,0.1722479501349778,0.1650371920254271,0.17127925940489364,0.15633425830026804,0.17090275953129186,0.17469571055160404,0.17578614957756916,0.17582135470741886,0.1744518755056427,0.17480197363654099,0.1760182721845511,0.17613901267364873,0.17273116063347643,0.17383306484016994,0.1795496417809341,0.17790248889034077,0.177228744694237,0.17539872631093875,0.17714096626824577,0.17643554603396835,0.18212016284634164,0.17395934374150585,0.17416685381851627,0.17161294108646064,0.16796502860336654,0.17130573773704005,0.17329947810388555,0.17212269541486508,0.17187620156397254,0.1769462356838466,0.17289177583014897,0.17360016147969132,0.17332560129169017,0.17290332176759418,0.17425380203094187,0.1744521322139239,0.17600622531131835,0.1745207772332396,0.17396725297479307,0.17496127605774983,0.174057300755028,0.17656365497890164,0.17676669963251398
lcp,discriminative,confirmed,t1320,3426826496,23,0.06655443556930708,0.08977100641831108,0.08071351245693538,0.08627873561952425,0.09015740259833958,0.08527077993620998,0.0824301936056303,0.07807011513606361,0.07384935669277025,0.0653359345767809,0.06389662364254826,0.05982317613518756,0.05703883909660837,0.051707489335018654,0.10454936260762422,0.045044617160506874,0.08483120021612747,0.014901846647262573,0.06890113846115443,0.0649302187173263,0.05351060240165047,0.04912531505460325,0.05741077078425366,0.055617982926576034,0.053316061263499054,0.05222556902014691,0.049619609894959824,0.04583460546058157,0.04017256005950596,0.04308224501817123,0.04126884496730307,0.0458952564260234,0.042562434206838196,0.043011605091716934,0.053179720821587936,0.038635126274564995,0.03679566474064537,0.03260894314102505,0.019535605026328045,0.017761003711949223,0.017694573039593903,0.02029226137244183,-0.004228418288023576,0.010040394637895666,0.017700747303340748,0.015255815309026966,0.017636043869930763,0.015381435985150545,0.016210532706716786,0.014536726733912592,0.016763587360796722,0.013946664074192877,0.014840122150338215,0.0143499581710152,0.013341971065687097,0.016731057478033978,0.016630977392196655
hcp,medoid,hand,t0433,134,100,0.07995656542479992,0.13484158538281918,0.14628762915730475,0.15301821917295455,0.17014422863721848,0.17072270825505256,0.17185392558574678,0.16921598851680755,0.16606479689478873,0.16558091551065446,0.16229525208473206,0.15638242691755294,0.15632347628474236,0.14906176179647446,0.15632787480950355,0.14795379370450973,0.1536039638519287,0.12996983274817467,0.15258336514234544,0.15580297648906707,0.15669866070151328,0.15685658156871796,0.15594144821166991,0.15643570572137833,0.15774858817458154,0.15864914774894714,0.1565145084261894,0.1582186345756054,0.1634199446439743,0.16363934323191642,0.16458866864442825,0.16323369532823562,0.16707895308732987,0.1706959404051304,0.17566210612654687,0.17060930162668228,0.1704627276957035,0.16847572177648545,0.16395411416888236,0.1655302557349205,0.16570949897170067,0.16536601126194,0.1653590428829193,0.17062391266226767,0.16759142592549325,0.16818688035011292,0.16746456295251846,0.16619631677865981,0.1669848980009556,0.16715384483337403,0.16862793117761612,0.16658611059188844,0.1665007194876671,0.1673497512936592,0.16671523928642273,0.16922839790582656,0.16978725671768188
hcp,candidate2,hand,t0364,158,95,0.07187003391353708,0.12780672994099165,0.1390501408200515,0.14503829322363201,0.15957662149479515,0.1600147308487641,0.1612754795112108,0.15747581187047457,0.1557300318228571,0.15336423328048304,0.1513876155803078,0.14545645509895525,0.14484813872136568,0.13832408785820008,0.14537901423479382,0.13726493731925363,0.14267798081824654,0.1261345885301891,0.14172761769671188,0.14654633230284642,0.14714557732406416,0.14831524789333345,0.14679790029400272,0.14770342284127286,0.14880141160990062,0.14962135145538732,0.146989853758561,0.1486974686384201,0.15581246332118387,0.15596226971400412,0.15663963352379046,0.15510519931190891,0.15898817856060832,0.16119580347287027,0.16476591103955318,0.1596198441166627,0.16063525629670997,0.15822707900875493,0.15468785825528597,0.15629868099564,0.15693683514469547,0.1563316905184796,0.15622555989968148,0.16257944216853695,0.1558239569789485,0.1561706919419138,0.15594171960102884,0.15550989665483173,0.15653359074341625,0.15715211316158897,0.15855996200912878,0.15693467777026326,0.15656125576872576,0.15735075458099967,0.15721007067906229,0.1599346414992684,0.16081107211740395
hcp,candidate3,hand,t0435,4,54,0.08013522404211539,0.13921272740871818,0.15551146506159394,0.160877690271095,0.1759144139510614,0.17625346448686388,0.17694271162704187,0.17397909749437263,0.17191393783798925,0.16979568120506075,0.16743306870813723,0.16215894730002792,0.16102758519075536,0.15472032709254158,0.16324608635019372,0.1521886079399674,0.16086054896866833,0.1315547937044391,0.15849391784932879,0.16208982660814567,0.16092269150195299,0.1614635051400573,0.16054129545335416,0.16173317476555152,0.16411870662812833,0.16331115199459922,0.16144245669797616,0.16311203771167332,0.17017120840372862,0.1698153700541567,0.17028908459124742,0.16930984181386452,0.176445793222498,0.1772039438839312,0.18320861265615182,0.1763117512067159,0.17651831137913246,0.17322296842380805,0.16967909424393265,0.17235314818444075,0.17293888523622794,0.17174499481916428,0.16696391820355697,0.18026182717747158,0.1732329621359154,0.17251800221425515,0.17324252481813784,0.17342088150757332,0.1730918503469891,0.17266238811943266,0.17488273729880652,0.17350592960913977,0.1725966441962454,0.17359656868157564,0.17263369731329106,0.1768403618975922,0.176261429157522
hcp,candidate4,hand,t0434,52,1106,0.08155510152873682,0.13903654548617428,0.14919714260489342,0.16075901406906398,0.17648963414631097,0.17659689005039916,0.17832632612093446,0.17542675051292503,0.17305333074350684,0.1726632816127584,0.17030453556646705,0.16356425414410897,0.16317369799663534,0.15669111306585412,0.16556690221022524,0.15391697920522035,0.16202888315775943,0.14034285337056218,0.16078500653100056,0.1640748221555196,0.1645283462179936,0.1649655058279391,0.16402474355632962,0.16480286519091988,0.1660153332552039,0.16663942953561572,0.1642636069337455,0.16617466324761807,0.17319084287605924,0.17319795694101137,0.17362484630958513,0.17244846961220178,0.17782263316308397,0.17919730621425412,0.18497631461721648,0.1780099199300002,0.17911215459298052,0.17648194943155562,0.17118580388764146,0.1732654847595403,0.1722903816302258,0.17157490399226574,0.17116480757217942,0.17591720556749357,0.17407656855759956,0.17468577476511382,0.17443124382717914,0.1735665989099963,0.17473186276327637,0.17471406867501965,0.175869668155208,0.17434645384873448,0.17365138989891757,0.17440553324778732,0.1736063566227287,0.17620837044435642,0.17662947712496435
hcp,candidate5,hand,t0364,119,329,0.08637634164294211,0.14724175600295372,0.1546016148430236,0.16464662302772326,0.18181752601474252,0.18076424314258308,0.18150402831995016,0.17739647364181588,0.17519079402406165,0.17372339470227077,0.1712592304839914,0.16459882214076613,0.16440531910371636,0.15752299899931738,0.16601685341730668,0.15386325659904074,0.16216946929964976,0.14253052059096769,0.16063841298720757,0.16367285469926238,0.1636020592824304,0.16445509944462125,0.16349129858893827,0.16394342953129742,0.16565433090218656,0.16620911861625487,0.16314251394800863,0.16490668918948767,0.1722148434912905,0.17159465408252728,0.17231475718115602,0.17150128875097606,0.17633442050780207,0.17893382716686168,0.1840621702214505,0.17764129931260025,0.1788939303721338,0.17604363268088424,0.17125604956164547,0.17410376812911685,0.17290373196355477,0.1724262005199415,0.17230821656782214,0.17805212052216282,0.1734148234944213,0.173817950450903,0.17345974429037794,0.17286935525643427,0.17420192905291235,0.17456950858733575,0.17577455000312134,0.17389435164834227,0.173419801750444,0.17459974354161317,0.17415233789787465,0.1767918731575679,0.17729874145477376
hcp,discriminative,hand,t0503,33,94,-0.018181122839450836,0.009292472708732524,0.011529516111663047,0.03117507608964088,0.026525418967642683,0.024769206868207203,0.020618601365292324,0.018994537915321106,0.01775367169621143,0.012443672865629196,0.012231640438450144,0.009667081084657223,0.006652039178508393,0.0023268985938518605,-0.002241917350824843,0.0035042947435632663,-0.0033518675159900746,0.009034502498329954,-0.0038803405267127016,-0.0025471771492602976,-0.0022069525686984367,-0.0021773301699060076,-0.0009170100092887878,-0.001788814017113219,-0.00011425853726711678,-0.0008187324125716027,-0.0008309681681876487,0.0007897597202595245,0.0009523911520521692,0.002476376580431106,0.0016830091146712608,0.003560709588705225,0.002663789911473051,0.004933096785494622,0.010696612457011609,0.004773986228602998,0.00418550949147407,0.0034678942979650294,0.00024096342794438627,0.0018752600522117411,0.0011961848494854378,0.00046563457618368435,-0.0031868266932507778,0.0006242904891359045,0.0027671514197866965,0.0004722506521230048,0.0026410920347305056,0.0026931398885047184,0.005307844582390278,0.005125957759136849,0.00627465379681993,0.005674441880051126,0.005451637022989861,0.005737075225469914,0.007316826902171399,0.012841596763501776,0.013475072986267983
plagioclase,medoid,hand,t0240,101,147,0.08903703803107851,0.15285127189289144,0.1693115348921341,0.17416408161322275,0.19563178038921486,0.19650598215002593,0.19820582572700216,0.19611127745537532,0.1938921974427035,0.1955406451914586,0.19121168107808043,0.18442183631618006,0.1849936080627701,0.17830883321307955,0.18594041862049882,0.1782977812144221,0.18388317261828857,0.16915033342075997,0.1810260272147704,0.1851427710177947,0.18538019294235983,0.18589153875704525,0.18433729969725318,0.1850159738947745,0.18662422611599877,0.18629702621576738,0.18336223542284805,0.18495176175013692,0.1912995850553318,0.19136346947579158,0.19144160538709082,0.1896541966062014,0.19426475424750322,0.19434832958948045,0.20202927788098654,0.19483170369449926,0.19576383863582092,0.19412183477765038,0.1900653230900667,0.19314649153728874,0.1925340997321265,0.1923099754213476,0.19293422976724145,0.1976823880761659,0.19376413970172,0.1944208386398497,0.1942474573445158,0.19407163641485228,0.1955150377993681,0.19535926187119515,0.19756297392099081,0.1954447594629664,0.1947927410099782,0.19615170390022044,0.19465781646926386,0.19704003743573922,0.19713141399175943
plagioclase,candidate2,hand,t0434,84,31,0.09121649063402607,0.15557674823268766,0.169957862746331,0.1806521607983497,0.19780997787752458,0.19928698530120234,0.20155906773382617,0.19998108331234224,0.1983552517429475,0.19853228378680446,0.1955753550414116,0.1894089743014305,0.18951179567844637,0.18267399361056666,0.19010687547345315,0.17972722361164709,0.1854671335989429,0.17131003689381383,0.18509056827714365,0.188530657079912,0.1890308823316328,0.18920210821013297,0.18743625523582583,0.18803728732370562,0.189662161373323,0.18979432794355577,0.18678048012718076,0.18910268141377357,0.1955854642775751,0.19485352644997259,0.19503515333898605,0.1938602549414481,0.19734889845694265,0.19876936654890737,0.20639007658727707,0.19821790389476285,0.1995850763013286,0.19761525863601315,0.19475648720418254,0.198215463949788,0.1987839033526759,0.19708580643899978,0.19728913855168126,0.20421665666564817,0.19930106305306958,0.20037319775550597,0.19974646356797987,0.20047034130942437,0.2018485088502207,0.20173407033566507,0.20358930576232173,0.20166132911559073,0.20094195585097036,0.20204431251172097,0.2009969046038966,0.20395448659696885,0.20443003264165693
plagioclase,candidate3,hand,t0529,841,725,0.09190733685575682,0.15872397174095285,0.17994623077326807,0.18457183998206567,0.20220804921511945,0.2033748969949525,0.206227217727694,0.2040765384147907,0.20284339721860556,0.20195936507192153,0.19995767948956325,0.19326881838255916,0.1933394447277332,0.18700585901737213,0.19776515157058322,0.18783554870506813,0.19370623748877952,0.17902544278523017,0.19208531659224937,0.19435419832837994,0.19241153708819686,0.19290418974284468,0.19126863430286276,0.19211343191821,0.1939007647284146,0.19307860727967888,0.18936833685842053,0.1913030870412958,0.19885622591807925,0.1979917748426569,0.19814904295164965,0.19638681964627627,0.202188052720037,0.20176095508295913,0.20468775042172135,0.19984342065350763,0.20196469220621832,0.19992730175626688,0.19661844376859994,0.20147860831227796,0.20187164616995845,0.20181299655601895,0.19280379905782896,0.2043080495965892,0.203729896093237,0.20420683636747558,0.20261715706052452,0.20218551888548095,0.20416838987120267,0.2040940080017879,0.20597958120806464,0.2029863637891309,0.20204591522956716,0.20325136663584872,0.2027876426433695,0.2059557163920896,0.20664380272914623
plagioclase,candidate4,hand,t0526,912,85,0.0827245616737534,0.14547164527808917,0.1640970552668852,0.16910869601894826,0.18644732219331406,0.18912432754740996,0.19287564105847302,0.19079083134146296,0.1907008139526143,0.1892902688068502,0.18832163758137646,0.18253534664126003,0.18294818033190335,0.1765583064626245,0.18553139549844405,0.17326250234070947,0.181963532111224,0.16665238545221442,0.18070527998840108,0.183939691676813,0.184525507162599,0.1844962330425487,0.18310574328198154,0.18374285838183235,0.18519598999444176,0.18458753719049342,0.1805004945572685,0.1820559561252594,0.18805232591488782,0.18630650657064773,0.1853746093371335,0.18457111330593334,0.18756334010292502,0.19028576279387754,0.19232187043218052,0.1884164834723753,0.19064218472031985,0.18874261466895834,0.18582578494268306,0.1895920061013278,0.19220431832706228,0.1907958423390108,0.18954456869293662,0.19932878262856427,0.19149357834283043,0.1910532549900167,0.1905765100437052,0.19050800397115594,0.19185392488451564,0.19206454315606286,0.19354316627278048,0.1910818801206701,0.19012540982050055,0.19109690908123464,0.18974260284620173,0.19216037059531493,0.19244527781710905
plagioclase,candidate5,hand,t0531,829,40,0.0928454739972949,0.15954494327306748,0.17676064036786557,0.18962811827659606,0.2070661798119545,0.20825321711599826,0.2113684184849262,0.21049554236233234,0.2083624992519617,0.21160730719566345,0.20705744437873363,0.19986481480300428,0.20080549493432046,0.19340035915374756,0.20432156026363374,0.19235324636101722,0.1996738225221634,0.18504560142755508,0.19871484637260436,0.20172172747552394,0.20258237160742282,0.202378586307168,0.20125142410397528,0.201725709810853,0.2033921305090189,0.2037810232490301,0.19961122199892997,0.20134914107620716,0.20705136172473432,0.20708779729902743,0.20660893023014068,0.2052816402167082,0.2090034458786249,0.2099740844219923,0.21605845019221306,0.20948367416858674,0.21031685024499894,0.20862342081964017,0.2046705674380064,0.20790185071527958,0.20735745504498482,0.2074510995298624,0.20795515589416028,0.21436812095344066,0.21144107729196548,0.2116163644939661,0.21112796142697335,0.21032720617949963,0.2115980550646782,0.21128896549344062,0.21333014369010925,0.21054026149213315,0.21016611121594905,0.21116401329636575,0.2100056257098913,0.2129416808485985,0.21249635107815265
plagioclase,discriminative,hand,t0531,919,49,0.09199648837045747,0.155124408858163,0.18406089471310985,0.18661447203889184,0.2035769072114205,0.20537243236084374,0.2091361269050715,0.20857716123668515,0.208147543729568,0.21164638594705232,0.20725055799192313,0.20056450154100144,0.20123746839104867,0.19506672784990195,0.2083455226859268,0.1993251026284938,0.20252567529678345,0.22595376323680488,0.1989564418184514,0.19949483324070366,0.19834869552631768,0.19748201935875173,0.19730560724832574,0.19765351226135175,0.19971885881861862,0.1990274428104868,0.19576274801273735,0.1979694375578238,0.20433000612015628,0.2031537501179442,0.20182683151595446,0.200559384968816,0.20607544694628036,0.20693286006547967,0.21255937066613412,0.20563489928537484,0.20732189927782332,0.20716793409415654,0.20404503661759046,0.20594094267913274,0.20971771131972877,0.2073315610082782,0.2084486855536091,0.21661247556306878,0.2106659637421978,0.20979082827665368,0.20791835900472136,0.20817015244036305,0.20893657420362746,0.2103692062047063,0.21033155431552808,0.20725227801167234,0.20544902554580144,0.20751461873249133,0.20502340671967487,0.20799581828166028,0.2080842043672289
alteration,medoid,tag,t1086,1398976785,360,0.08139920371274154,0.13784031025651428,0.15557403957678212,0.1576990742650297,0.17393885946108234,0.1750769839932521,0.17665074198610253,0.17310271486639978,0.17105214442643854,0.170070816617873,0.16826349223653475,0.16288549043238162,0.16398780027197468,0.15893884657157792,0.17438724007871415,0.15898053848909008,0.17136505337225066,0.14623343638247913,0.17099728708465894,0.17782826100786528,0.18203874172435866,0.18372958277662596,0.18233353565964433,0.18328673454622427,0.18458721658421887,0.18601623392767377,0.18272545296284887,0.18470940130452315,0.18988212914102606,0.18752803082267444,0.18621683542927106,0.1850719076477819,0.18891158811748027,0.1924579057428572,0.1989784223337968,0.19081305199199253,0.19394582936333285,0.19220514185726642,0.1877665036254459,0.18496400548352135,0.1827236980199814,0.18097386865152254,0.18091698239247003,0.18561983526580864,0.18481708044807116,0.1853067998256948,0.18633897312813336,0.18589596884946027,0.18668421775930458,0.18586976735128297,0.185741940430469,0.1831130207826694,0.1814845776806275,0.18163815372520023,0.1774584455622567,0.17872541339861023,0.17826221274832885
alteration,candidate2,tag,t1087,2529162683,72,0.08067535691791111,0.13224996046887505,0.14324879666997326,0.14728794536656803,0.16425800447662672,0.16501596259574094,0.166288234707382,0.1622393981864055,0.1593622418327464,0.15888090079857242,0.1572545330143637,0.15193558401531643,0.1537147621727652,0.14956345036625862,0.16207096270389026,0.1515682219631142,0.16186699188417858,0.132365256237487,0.16168557273017037,0.1681188874774509,0.17277023113436168,0.1721637010988262,0.17140098909536997,0.17261427930659717,0.17359639745619562,0.17499935233758557,0.17252750674055684,0.17421771937774289,0.1792399419678582,0.17723319141401184,0.1763429165714317,0.17552153973115814,0.1787483524531126,0.18102336985369524,0.18744579661223623,0.18114443516565693,0.18358197559913,0.18238277443581158,0.17645895046492419,0.17472264770832327,0.17581312627428108,0.1741366090459956,0.17474349236322773,0.18007844541635779,0.17742365557286474,0.17704978874988025,0.17655771846572557,0.175444965561231,0.17537168165047964,0.17515999120142725,0.17536012600693437,0.17270956457489067,0.1708776154037979,0.17105435559319127,0.16532551973230308,0.16601545612017313,0.16571839112374517
alteration,candidate3,tag,t1086,694052940,91,0.08145448516358386,0.1383870501112152,0.15640032799034329,0.15694584722047325,0.17537854186126164,0.17659103641143212,0.17825735696069486,0.17462741755522215,0.17269549461511466,0.17153804282565693,0.16938391769980335,0.16432536319716945,0.16496703257927528,0.1600291426037694,0.17336287259400546,0.16093943341747746,0.16977539904169983,0.15026702420724616,0.17034240067005157,0.17882391532043834,0.18341686339168758,0.18502439362007184,0.18421822360583714,0.18450700041356977,0.18661386724356765,0.18807757883281498,0.18476526586564032,0.18683371406335098,0.1912670579257902,0.18981575081636617,0.18891059386206197,0.1884751924119153,0.1931513914695153,0.19549234833691145,0.20115689016305482,0.19638757211166424,0.1985122874215409,0.19629356003069615,0.19013330340385437,0.188405379652977,0.18656730995728418,0.18494968935028538,0.18535206016603406,0.18951991331446302,0.1901763407411156,0.1915255138179758,0.19202056838260903,0.19075858412863134,0.19168831604522663,0.19133989201797233,0.19108766595740895,0.18755690556961102,0.186423136310263,0.18675272002979948,0.1820735507286512,0.18263180422913897,0.1820648497605062
alteration,candidate4,tag,t1086,4138606716,35,0.08137791050331933,0.13912406648908343,0.15787884550435202,0.1585142139877592,0.17651548087596894,0.17769730772290912,0.17961213631289347,0.17603899453367505,0.17418072862284525,0.1730846758399691,0.17106923162937165,0.16568768322467803,0.16607515045574733,0.16082339669976917,0.17473551332950593,0.1612767198256084,0.17181760157857623,0.15140087689672196,0.17231058946677616,0.17933289110660552,0.1836751013994217,0.18499631115368434,0.18373574912548066,0.184487726858684,0.18605321730886187,0.18789351837975637,0.18374437945229666,0.18586619624069758,0.19053100773266385,0.18896990929331098,0.18825945385864803,0.18736464636666433,0.19166437217167445,0.19390825246061597,0.1994428868804659,0.1949333075966154,0.19719118859086718,0.1950105790581022,0.18948419647557393,0.18758708025727952,0.1856254403080259,0.18497527497155325,0.18500226821218219,0.18956510637487684,0.1900794906275613,0.19304232597351073,0.1918724570955549,0.19091847922120775,0.19187322216374533,0.1918741571051734,0.19130621041570392,0.18817275081362042,0.1864709224019732,0.18731929276670728,0.1825369438954762,0.18403996314321244,0.18013334274291992
alteration,candidate5,tag,t1086,3275963604,211,0.08109198899065714,0.13635476254880147,0.15372753298678105,0.15595177981243313,0.17132729630899654,0.17229029628055356,0.17350885582761177,0.16967792604206863,0.1675625081875878,0.1664833011926633,0.16476129948810378,0.1595185822785183,0.16080335961981407,0.1565946116690387,0.17255968363929133,0.15760775842655325,0.1700662072942155,0.14599578312081748,0.17006680687174414,0.1785933721404505,0.18328155033396318,0.1853248400004554,0.18420827099214798,0.18504348750363028,0.18662214625220727,0.18797203877243385,0.184957754131742,0.1868379639364532,0.19208914634740748,0.18952097930896902,0.18887423826337427,0.1881734495055619,0.1918329848638643,0.19586106485100155,0.20035915274473162,0.19438996437884054,0.19739255450348153,0.1957322865442077,0.1913332017535847,0.18752121586370243,0.18578029731156137,0.18357477969185437,0.1839358402654458,0.18914311432160472,0.18763494703442,0.18677394282761342,0.1889283713571268,0.1877780585633635,0.18855146237459228,0.1875226442565285,0.18664064198308647,0.1838995812910993,0.18246655159086977,0.18266889368188324,0.17744828845369873,0.1783734944194414,0.17805577645087128
alteration,discriminative,tag,t1176,658016785,203,0.07081889063853936,0.09834633217069316,0.101611643699296,0.09655664820829636,0.10174600064314057,0.0984286761709622,0.09785499115442407,0.09291499728346106,0.09116976253064395,0.08741610291702993,0.08654569192179318,0.08190010737609393,0.0803630837959609,0.07509676587258654,0.0811554399029962,0.07007357738728594,0.07644817974473456,0.06121839792123569,0.07419600436840151,0.07808531842795499,0.07788670617224548,0.07850091074928274,0.07829917295666164,0.07846247147897194,0.07926302241721177,0.07957976480276127,0.07878899596301206,0.07978937951067985,0.08339512751901092,0.08086928229760654,0.07813029119680667,0.07831007154117077,0.08167301812048616,0.08338631513377129,0.08541525118603495,0.08295511197427223,0.08300529053352149,0.08053678644848575,0.07733397853785548,0.07499405987597452,0.06932276182720813,0.06842165605481622,0.06839850478865243,0.06976746206213101,0.06873248888207187,0.06882510150741473,0.06935655722036738,0.06848114596799089,0.06839664563022811,0.06778311986347725,0.06701988506640119,0.06498209733901353,0.06416947590967118,0.06409712278931012,0.06247487702760203,0.06307164528246584,0.06233663706503478
